RegionID,RegionName,SizeRank,MsaName,ZORI
61639,10025,1,"New York, NY",3133
84654,60657,2,"Chicago, IL",1534
61637,10023,3,"New York, NY",3407
91982,77494,4,"Houston, TX",1563
84616,60614,5,"Chicago, IL",1973
91940,77449,6,"Houston, TX",1568
61616,10002,7,"New York, NY",3434
91733,77084,8,"Houston, TX",1637
93144,79936,9,"El Paso, TX",1233
84640,60640,10,"Chicago, IL",1355
62037,11226,11,"New York, NY",2185
92593,78660,13,"Austin, TX",1695
97564,94109,14,"San Francisco, CA",2821
61630,10016,16,"New York, NY",3756
74101,37013,17,"Nashville, TN",1740
84646,60647,19,"Chicago, IL",1637
62012,11201,20,"New York, NY",3489
62087,11375,22,"New York, NY",2093
96107,90250,23,"Los Angeles-Long Beach-Anaheim, CA",1853
92271,78130,24,"San Antonio, TX",1482
74242,37211,25,"Nashville, TN",1437
61643,10029,26,"New York, NY",2435
61623,10009,27,"New York, NY",3228
92036,77573,28,"Houston, TX",1531
84620,60618,29,"Chicago, IL",1525
92045,77584,30,"Houston, TX",1680
61625,10011,31,"New York, NY",3951
66126,20002,32,"Washington, DC",2308
61703,10128,33,"New York, NY",2587
69816,28269,34,"Charlotte, NC",1750
92551,78613,35,"Austin, TX",1747
91926,77433,36,"Houston, TX",1661
71067,30349,38,"Atlanta, GA",1816
93123,79912,39,"El Paso, TX",1504
90654,75052,40,"Dallas-Fort Worth, TX",1592
97771,94565,41,"San Francisco, CA",2690
62017,11206,43,"New York, NY",2968
96027,90046,45,"Los Angeles-Long Beach-Anaheim, CA",2803
66133,20009,46,"Washington, DC",2271
91922,77429,47,"Houston, TX",1757
92341,78245,48,"San Antonio, TX",1476
91968,77479,49,"Houston, TX",1792
61802,10462,50,"New York, NY",1797
84615,60613,52,"Chicago, IL",1533
70829,30044,53,"Atlanta, GA",1883
61633,10019,54,"New York, NY",3648
86026,63376,55,"St. Louis, MO",1271
61617,10003,56,"New York, NY",3444
69823,28277,57,"Charlotte, NC",1810
84627,60625,58,"Chicago, IL",1368
70828,30043,59,"Atlanta, GA",1900
62040,11230,60,"New York, NY",2195
61803,10463,63,"New York, NY",2200
62020,11209,65,"New York, NY",1841
70874,30096,66,"Atlanta, GA",1777
62032,11221,67,"New York, NY",2612
60545,7030,68,"New York, NY",2958
99534,98052,69,"Seattle, WA",2385
70810,30024,70,"Atlanta, GA",1974
84612,60610,71,"Chicago, IL",2439
92617,78704,72,"Austin, TX",2164
91726,77077,73,"Houston, TX",1344
94748,85032,74,"Phoenix, AZ",1702
91889,77379,75,"Houston, TX",1235
61638,10024,77,"New York, NY",2837
92598,78666,78,"Austin, TX",1323
66843,21234,79,"Baltimore, MD",1515
67732,23464,81,"Virginia Beach, VA",1678
73221,34787,82,"Orlando, FL",2263
90795,75243,85,"Dallas-Fort Worth, TX",1079
69672,28027,87,"Charlotte, NC",1653
62018,11207,88,"New York, NY",2461
97711,94501,89,"San Francisco, CA",2418
84621,60619,93,"Chicago, IL",972
92654,78745,94,"Austin, TX",1650
97565,94110,95,"San Francisco, CA",3853
67730,23462,96,"Virginia Beach, VA",1639
61798,10458,98,"New York, NY",1764
90665,75067,99,"Dallas-Fort Worth, TX",1503
96015,90034,100,"Los Angeles-Long Beach-Anaheim, CA",2372
93263,80134,101,"Denver, CO",2116
72442,33139,102,"Miami-Fort Lauderdale, FL",2495
84613,60611,103,"Chicago, IL",2497
98325,95630,104,"Sacramento, CA",2443
77007,44107,106,"Cleveland, OH",1180
62022,11211,108,"New York, NY",3412
94870,85281,110,"Phoenix, AZ",1801
62088,11377,111,"New York, NY",2051
96239,90805,113,"Los Angeles-Long Beach-Anaheim, CA",1690
60639,7302,114,"New York, NY",2936
96193,90650,115,"Los Angeles-Long Beach-Anaheim, CA",2358
95048,85710,117,"Tucson, AZ",1095
96990,92683,118,"Los Angeles-Long Beach-Anaheim, CA",2419
94820,85225,119,"Phoenix, AZ",1798
71005,30281,121,"Atlanta, GA",1800
62067,11355,123,"New York, NY",1914
62048,11238,124,"New York, NY",2975
92576,78641,125,"Austin, TX",1920
61790,10314,126,"New York, NY",2103
65810,19143,127,"Philadelphia, PA",1292
96467,91709,129,"Riverside, CA",2793
62026,11215,130,"New York, NY",2831
84619,60617,132,"Chicago, IL",1284
71864,32210,134,"Jacksonville, FL",1387
96007,90026,137,"Los Angeles-Long Beach-Anaheim, CA",2470
91950,77459,139,"Houston, TX",1978
96545,91910,140,"San Diego, CA",2185
69431,27587,141,"Raleigh, NC",1737
70825,30040,142,"Atlanta, GA",2079
99142,97229,143,"Portland, OR",2131
91198,76028,146,"Dallas-Fort Worth, TX",1836
72901,33908,147,"Fort Myers, FL",1771
90657,75056,149,"Dallas-Fort Worth, TX",1747
94890,85308,151,"Phoenix, AZ",1897
92336,78240,153,"San Antonio, TX",1340
72362,33024,158,"Miami-Fort Lauderdale, FL",2237
99500,98012,159,"Seattle, WA",2426
71038,30318,162,"Atlanta, GA",1797
98304,95608,165,"Sacramento, CA",1717
62093,11385,167,"New York, NY",2447
72737,33647,168,"Tampa, FL",2011
96987,92677,169,"Los Angeles-Long Beach-Anaheim, CA",2911
58660,2148,171,"Boston, MA",2437
93203,80013,173,"Denver, CO",1936
96047,90066,174,"Los Angeles-Long Beach-Anaheim, CA",2441
66705,20906,175,"Washington, DC",1920
60499,6902,178,"Stamford, CT",2727
70953,30188,180,"Atlanta, GA",1971
96817,92336,181,"Riverside, CA",3101
62085,11373,184,"New York, NY",1895
69699,28078,186,"Charlotte, NC",1817
84622,60620,187,"Chicago, IL",1068
98432,95823,189,"Sacramento, CA",1916
96825,92345,190,"Riverside, CA",
69450,27610,191,"Raleigh, NC",1717
73014,34135,192,"Fort Myers, FL",2441
95314,87120,193,"Albuquerque, NM",1318
90638,75035,195,"Dallas-Fort Worth, TX",2155
99563,98103,196,"Seattle, WA",2132
91941,77450,197,"Houston, TX",1679
98411,95747,198,"Sacramento, CA",2548
95817,89121,199,"Las Vegas, NV",1297
69336,27406,200,"Greensboro, NC",1511
97023,92804,201,"Los Angeles-Long Beach-Anaheim, CA",2020
90780,75228,203,"Dallas-Fort Worth, TX",1101
96667,92126,204,"San Diego, CA",2780
61642,10028,205,"New York, NY",2610
66135,20011,207,"Washington, DC",2024
91325,76244,209,"Dallas-Fort Worth, TX",2034
96882,92503,210,"Riverside, CA",
71871,32218,213,"Jacksonville, FL",1657
67180,22191,214,"Washington, DC",1993
71902,32256,216,"Jacksonville, FL",1578
62043,11233,217,"New York, NY",2393
67655,23320,218,"Virginia Beach, VA",1802
96643,92101,221,"San Diego, CA",2729
96000,90019,222,"Los Angeles-Long Beach-Anaheim, CA",2631
73183,34711,223,"Orlando, FL",1951
70835,30052,224,"Atlanta, GA",1941
91744,77095,226,"Houston, TX",1595
60518,7002,227,"New York, NY",1745
70826,30041,228,"Atlanta, GA",2120
84285,60016,229,"Chicago, IL",1544
97743,94536,231,"San Francisco, CA",2813
95785,89052,232,"Las Vegas, NV",1865
90226,74012,233,"Tulsa, OK",1301
96934,92592,237,"Riverside, CA",2836
95813,89117,239,"Las Vegas, NV",1666
70859,30080,240,"Atlanta, GA",1772
66125,20001,241,"Washington, DC",2630
70294,29072,244,"Columbia, SC",1625
71895,32244,246,"Jacksonville, FL",1614
66785,21117,247,"Baltimore, MD",1877
61641,10027,248,"New York, NY",2599
96477,91730,251,"Riverside, CA",2752
90759,75206,254,"Dallas-Fort Worth, TX",1825
95985,90004,255,"Los Angeles-Long Beach-Anaheim, CA",2079
74185,37128,256,"Nashville, TN",1685
96651,92109,257,"San Diego, CA",2631
70842,30062,258,"Atlanta, GA",1931
84629,60628,259,"Chicago, IL",1358
60599,7093,260,"New York, NY",1903
72247,32822,261,"Orlando, FL",1660
71050,30331,262,"Atlanta, GA",1724
58743,2360,264,"Boston, MA",2645
74187,37130,266,"Nashville, TN",1505
72488,33186,267,"Miami-Fort Lauderdale, FL",2413
58666,2155,268,"Boston, MA",2794
61895,10701,269,"New York, NY",2491
96368,91342,271,"Los Angeles-Long Beach-Anaheim, CA",
96208,90706,272,"Los Angeles-Long Beach-Anaheim, CA",1650
97991,95123,274,"San Jose, CA",2802
96590,92021,275,"San Diego, CA",1870
62084,11372,279,"New York, NY",2396
67182,22193,280,"Washington, DC",1922
84647,60649,283,"Chicago, IL",1104
69487,27703,285,"Durham, NC",1653
67722,23454,286,"Virginia Beach, VA",1928
84628,60626,287,"Chicago, IL",1269
72393,33064,288,"Miami-Fort Lauderdale, FL",1791
96959,92627,290,"Los Angeles-Long Beach-Anaheim, CA",2616
72365,33027,291,"Miami-Fort Lauderdale, FL",2641
95043,85705,292,"Tucson, AZ",990
72530,33311,293,"Miami-Fort Lauderdale, FL",1897
66242,20147,295,"Washington, DC",2225
96006,90025,297,"Los Angeles-Long Beach-Anaheim, CA",2941
66683,20878,298,"Washington, DC",2008
70791,30004,301,"Atlanta, GA",2129
67787,23666,302,"Virginia Beach, VA",1447
417444,85142,303,"Phoenix, AZ",2051
99961,98682,304,"Portland, OR",1713
67598,23223,308,"Richmond, VA",1326
62029,11218,309,"New York, NY",2214
69497,27713,310,"Durham, NC",1545
84624,60622,317,"Chicago, IL",1935
70496,29464,318,"Charleston, SC",1950
84618,60616,319,"Chicago, IL",1627
73409,35242,321,"Birmingham, AL",1270
93205,80015,323,"Denver, CO",2454
61635,10021,326,"New York, NY",2799
93449,80525,327,"Fort Collins, CO",1609
70904,30127,328,"Atlanta, GA",1882
72532,33313,330,"Miami-Fort Lauderdale, FL",1572
96008,90027,332,"Los Angeles-Long Beach-Anaheim, CA",2308
74145,37064,333,"Nashville, TN",1986
74147,37066,334,"Nashville, TN",1497
99575,98115,335,"Seattle, WA",2228
97774,94568,338,"San Francisco, CA",2954
65791,19124,339,"Philadelphia, PA",1104
97952,95051,340,"San Jose, CA",3174
96364,91335,341,"Los Angeles-Long Beach-Anaheim, CA",2478
72252,32828,343,"Orlando, FL",2056
71878,32225,344,"Jacksonville, FL",1834
91261,76116,345,"Dallas-Fort Worth, TX",1346
96221,90731,346,"Los Angeles-Long Beach-Anaheim, CA",2256
91656,77007,348,"Houston, TX",2244
94843,85251,348,"Phoenix, AZ",1931
67720,23452,349,"Virginia Beach, VA",1628
90727,75150,350,"Dallas-Fort Worth, TX",1674
70984,30253,351,"Atlanta, GA",1894
74183,37122,352,"Nashville, TN",2105
70909,30135,353,"Atlanta, GA",1833
95770,89031,355,"Las Vegas, NV",1961
70658,29681,359,"Greenville, SC",1741
84617,60615,360,"Chicago, IL",1618
60594,7087,361,"New York, NY",2037
72538,33319,363,"Miami-Fort Lauderdale, FL",1578
99581,98122,365,"Seattle, WA",2056
66825,21215,366,"Baltimore, MD",1208
96962,92630,369,"Los Angeles-Long Beach-Anaheim, CA",2706
87073,66061,370,"Kansas City, MO",1230
67719,23451,372,"Virginia Beach, VA",1809
97717,94509,373,"San Francisco, CA",2369
98413,95758,375,"Sacramento, CA",2371
84641,60641,377,"Chicago, IL",1311
92345,78249,379,"San Antonio, TX",1419
95819,89123,380,"Las Vegas, NV",1659
66787,21122,381,"Baltimore, MD",2100
95844,89148,382,"Las Vegas, NV",1978
91706,77057,384,"Houston, TX",1546
65933,19446,385,"Philadelphia, PA",1721
92350,78254,387,"San Antonio, TX",1679
97576,94122,388,"San Francisco, CA",3351
62004,11101,390,"New York, NY",3330
69491,27707,393,"Durham, NC",1446
73089,34293,395,"North Port-Sarasota-Bradenton, FL",2268
70482,29445,396,"Charleston, SC",1643
99589,98133,397,"Seattle, WA",1807
90668,75070,399,"Dallas-Fort Worth, TX",1732
84656,60660,400,"Chicago, IL",1312
69768,28205,401,"Charlotte, NC",1632
90612,75002,402,"Dallas-Fort Worth, TX",2095
74214,37167,409,"Nashville, TN",1761
62024,11213,413,"New York, NY",2314
71897,32246,413,"Jacksonville, FL",1705
66043,19720,414,"Philadelphia, PA",1344
66832,21222,417,"Baltimore, MD",1464
65787,19120,420,"Philadelphia, PA",1257
67189,22204,423,"Washington, DC",1990
69378,27519,424,"Raleigh, NC",1813
69489,27705,426,"Durham, NC",1322
94871,85282,429,"Phoenix, AZ",1776
66679,20874,430,"Washington, DC",1809
70377,29223,431,"Columbia, SC",1201
71344,30909,432,"Augusta, GA",1405
70513,29485,433,"Charleston, SC",1551
69779,28216,434,"Charlotte, NC",1673
61646,10032,435,"New York, NY",2258
97748,94541,436,"San Francisco, CA",2329
97745,94538,437,"San Francisco, CA",2891
92657,78748,440,"Austin, TX",1683
91291,76179,441,"Dallas-Fort Worth, TX",1891
96236,90802,442,"Los Angeles-Long Beach-Anaheim, CA",1969
94957,85383,444,"Phoenix, AZ",2414
84340,60085,446,"Chicago, IL",1252
92667,78758,447,"Austin, TX",1760
97721,94513,448,"San Francisco, CA",3104
69778,28215,449,"Charlotte, NC",1756
72199,32765,450,"Orlando, FL",1945
399648,83646,451,"Boise City, ID",2251
96186,90631,455,"Los Angeles-Long Beach-Anaheim, CA",2428
70991,30263,457,"Atlanta, GA",1732
96646,92104,458,"San Diego, CA",2166
66666,20852,459,"Washington, DC",2062
91885,77375,459,"Houston, TX",1617
84637,60637,461,"Chicago, IL",1471
96965,92647,462,"Los Angeles-Long Beach-Anaheim, CA",2683
95318,87124,464,"Albuquerque, NM",1568
72220,32792,466,"Orlando, FL",1633
72653,33511,468,"Tampa, FL",1840
94799,85204,470,"Phoenix, AZ",1499
96690,92154,471,"San Diego, CA",2326
90764,75211,474,"Dallas-Fort Worth, TX",1233
70846,30066,475,"Atlanta, GA",2079
66834,21224,476,"Baltimore, MD",1947
94921,85345,478,"Phoenix, AZ",1713
96952,92618,478,"Los Angeles-Long Beach-Anaheim, CA",3136
92651,78741,479,"Austin, TX",1592
96657,92115,480,"San Diego, CA",2127
95806,89110,485,"Las Vegas, NV",1295
74113,37027,487,"Nashville, TN",2563
94883,85301,488,"Phoenix, AZ",1226
94738,85022,489,"Phoenix, AZ",1702
82125,55124,491,"Minneapolis-St Paul, MN",1696
97792,94587,492,"San Francisco, CA",2765
84610,60608,493,"Chicago, IL",1461
92597,78664,494,"Austin, TX",1720
399576,33578,495,"Tampa, FL",2070
72617,33458,496,"Miami-Fort Lauderdale, FL",2767
66758,21061,500,"Baltimore, MD",1615
65772,19104,501,"Philadelphia, PA",1635
96964,92646,502,"Los Angeles-Long Beach-Anaheim, CA",2804
61645,10031,503,"New York, NY",2337
62027,11216,505,"New York, NY",2541
69789,28227,507,"Charlotte, NC",1710
67657,23322,508,"Virginia Beach, VA",1836
93133,79924,508,"El Paso, TX",1113
96954,92620,509,"Los Angeles-Long Beach-Anaheim, CA",3582
92662,78753,511,"Austin, TX",1461
98848,96706,513,"Urban Honolulu, HI",3220
65742,19067,516,"Philadelphia, PA",2163
90690,75098,517,"Dallas-Fort Worth, TX",1707
65801,19134,518,"Philadelphia, PA",1282
84399,60148,519,"Chicago, IL",1758
70878,30101,521,"Atlanta, GA",2014
95790,89074,522,"Las Vegas, NV",1813
70839,30058,523,"Atlanta, GA",1693
72581,33414,525,"Miami-Fort Lauderdale, FL",3289
97926,95014,525,"San Jose, CA",3606
99631,98208,526,"Seattle, WA",1828
92349,78253,532,"San Antonio, TX",1663
94724,85008,533,"Phoenix, AZ",1514
69773,28210,534,"Charlotte, NC",1779
70862,30083,537,"Atlanta, GA",1508
95799,89103,538,"Las Vegas, NV",1469
72203,32771,539,"Orlando, FL",1627
96966,92648,542,"Los Angeles-Long Beach-Anaheim, CA",2749
96671,92130,543,"San Diego, CA",3676
93206,80016,544,"Denver, CO",1971
72599,33433,547,"Miami-Fort Lauderdale, FL",2618
75885,41042,551,"Cincinnati, OH",1342
96664,92122,552,"San Diego, CA",2998
91883,77373,553,"Houston, TX",1529
67723,23455,555,"Virginia Beach, VA",1880
66708,20910,556,"Washington, DC",1944
70511,29483,557,"Charleston, SC",1844
94847,85255,559,"Phoenix, AZ",2416
58649,2135,560,"Boston, MA",2192
98341,95648,561,"Sacramento, CA",2912
65815,19148,562,"Philadelphia, PA",1518
67247,22407,563,"Washington, DC",1781
72353,33015,565,"Miami-Fort Lauderdale, FL",1615
62066,11354,566,"New York, NY",2118
81427,53711,571,"Madison, WI",1450
90757,75204,572,"Dallas-Fort Worth, TX",1889
60642,7305,573,"New York, NY",1701
60560,7047,574,"New York, NY",2531
96017,90036,575,"Los Angeles-Long Beach-Anaheim, CA",3026
72622,33463,577,"Miami-Fort Lauderdale, FL",2200
90666,75068,578,"Dallas-Fort Worth, TX",2241
91280,76137,579,"Dallas-Fort Worth, TX",1727
95843,89147,580,"Las Vegas, NV",1834
92668,78759,581,"Austin, TX",1560
69670,28025,583,"Charlotte, NC",1692
69443,27603,585,"Raleigh, NC",1638
70854,30075,586,"Atlanta, GA",2741
58663,2151,587,"Boston, MA",2390
99093,97124,588,"Portland, OR",1872
61628,10014,589,"New York, NY",3986
97993,95125,590,"San Jose, CA",3234
90669,75071,593,"Dallas-Fort Worth, TX",1764
99569,98109,595,"Seattle, WA",2432
94282,83709,597,"Boise City, ID",1963
85990,63301,598,"St. Louis, MO",1148
61229,8873,599,"New York, NY",2184
60363,6511,601,"New Haven, CT",2018
91212,76051,603,"Dallas-Fort Worth, TX",1633
99519,98034,603,"Seattle, WA",2281
92575,78640,606,"Austin, TX",1669
96917,92562,607,"Riverside, CA",2322
98946,96815,608,"Urban Honolulu, HI",2217
65798,19131,609,"Philadelphia, PA",1434
60322,6457,610,"Hartford, CT",1487
66035,19711,613,"Philadelphia, PA",2273
69388,27529,614,"Raleigh, NC",1699
93137,79928,615,"El Paso, TX",1507
67181,22192,617,"Washington, DC",1728
72444,33141,618,"Miami-Fort Lauderdale, FL",2638
67186,22201,619,"Washington, DC",2280
70847,30067,620,"Atlanta, GA",1564
70891,30114,620,"Atlanta, GA",1943
84273,60004,622,"Chicago, IL",1607
96659,92117,624,"San Diego, CA",3078
60643,7306,625,"New York, NY",1851
72543,33324,626,"Miami-Fort Lauderdale, FL",2058
94796,85201,627,"Phoenix, AZ",1465
92305,78209,628,"San Antonio, TX",1524
97548,94086,629,"San Jose, CA",3015
71816,32137,630,"Daytona Beach, FL",1885
69209,27106,631,"Winston-Salem, NC",1282
62223,11746,633,"New York, NY",3015
93435,80504,633,"Boulder, CO",1982
72480,33178,636,"Miami-Fort Lauderdale, FL",2422
65811,19144,637,"Philadelphia, PA",1346
67541,23112,638,"Richmond, VA",1696
78942,48066,638,"Detroit, MI",1141
96669,92128,639,"San Diego, CA",2871
93295,80219,640,"Denver, CO",1936
72359,33021,641,"Miami-Fort Lauderdale, FL",2027
96531,91801,643,"Los Angeles-Long Beach-Anaheim, CA",2259
73202,34748,644,"Orlando, FL",1209
70383,29229,645,"Columbia, SC",1544
65895,19380,646,"Philadelphia, PA",1759
71343,30907,649,"Augusta, GA",1371
60776,7728,651,"New York, NY",2427
94903,85326,653,"Phoenix, AZ",1915
70917,30144,654,"Atlanta, GA",1806
72361,33023,656,"Miami-Fort Lauderdale, FL",2439
72262,32839,657,"Orlando, FL",1594
72907,33914,660,"Fort Myers, FL",1983
97024,92805,661,"Los Angeles-Long Beach-Anaheim, CA",2676
91896,77386,667,"Houston, TX",1766
99120,97206,668,"Portland, OR",1771
90637,75034,669,"Dallas-Fort Worth, TX",1910
96589,92020,670,"San Diego, CA",1837
97760,94553,671,"San Francisco, CA",2485
90701,75115,673,"Dallas-Fort Worth, TX",1876
72527,33308,674,"Miami-Fort Lauderdale, FL",2243
73181,34698,675,"Tampa, FL",1964
96861,92399,678,"Riverside, CA",1756
97075,92882,679,"Riverside, CA",2615
67120,22030,683,"Washington, DC",2048
77918,46032,686,"Indianapolis, IN",1514
86020,63366,689,"St. Louis, MO",1655
67600,23225,690,"Richmond, VA",1246
90687,75093,692,"Dallas-Fort Worth, TX",1813
71039,30319,693,"Atlanta, GA",1888
74590,38016,699,"Memphis, TN",1694
72531,33312,700,"Miami-Fort Lauderdale, FL",2238
61650,10036,701,"New York, NY",3298
70457,29414,702,"Charleston, SC",1691
65897,19382,703,"Philadelphia, PA",1882
62086,11374,706,"New York, NY",2050
94914,85338,707,"Phoenix, AZ",1956
92324,78228,709,"San Antonio, TX",875
69385,27526,710,"Raleigh, NC",1850
84460,60402,712,"Chicago, IL",1324
66828,21218,715,"Baltimore, MD",1328
69446,27606,718,"Raleigh, NC",1372
96974,92656,720,"Los Angeles-Long Beach-Anaheim, CA",2839
96612,92056,721,"San Diego, CA",2488
67587,23185,723,"Virginia Beach, VA",1530
71768,32068,723,"Jacksonville, FL",1851
60454,6810,724,"Stamford, CT",2172
66664,20850,725,"Washington, DC",2181
92326,78230,726,"San Antonio, TX",1062
65813,19146,729,"Philadelphia, PA",1672
96625,92071,733,"San Diego, CA",2346
93210,80020,734,"Denver, CO",2031
96958,92626,735,"Los Angeles-Long Beach-Anaheim, CA",2620
79046,48187,739,"Detroit, MI",1708
73043,34221,741,"North Port-Sarasota-Bradenton, FL",2192
98319,95624,746,"Sacramento, CA",2362
69456,27616,747,"Raleigh, NC",1690
94800,85205,748,"Phoenix, AZ",1699
94948,85374,749,"Phoenix, AZ",1865
90771,75219,751,"Dallas-Fort Worth, TX",2017
65812,19145,753,"Philadelphia, PA",1457
98930,96797,754,"Urban Honolulu, HI",2215
96593,92024,761,"San Diego, CA",3789
70592,29607,765,"Greenville, SC",1360
72834,33810,766,"Lakeland, FL",1796
95815,89119,767,"Las Vegas, NV",1333
67114,22003,768,"Washington, DC",1824
73195,34741,770,"Orlando, FL",1761
67307,22554,775,"Washington, DC",1915
95825,89129,775,"Las Vegas, NV",1807
72394,33065,776,"Miami-Fort Lauderdale, FL",2292
97073,92880,777,"Riverside, CA",2972
96758,92253,779,"Riverside, CA",2874
62658,12550,782,"New York, NY",1559
74591,38017,784,"Memphis, TN",2140
62021,11210,785,"New York, NY",2023
67590,23188,786,"Virginia Beach, VA",1918
61647,10033,787,"New York, NY",2281
90675,75080,788,"Dallas-Fort Worth, TX",1751
99137,97223,790,"Portland, OR",1948
95818,89122,791,"Las Vegas, NV",1641
94846,85254,792,"Phoenix, AZ",2213
67708,23434,793,"Virginia Beach, VA",1364
66622,20774,795,"Washington, DC",1911
69762,28173,798,"Charlotte, NC",2345
92354,78258,799,"San Antonio, TX",1485
85934,63116,801,"St. Louis, MO",822
84329,60073,802,"Chicago, IL",1731
90642,75040,803,"Dallas-Fort Worth, TX",1732
72371,33033,804,"Miami-Fort Lauderdale, FL",2064
69453,27613,806,"Raleigh, NC",1480
97931,95020,807,"San Jose, CA",3365
90783,75231,809,"Dallas-Fort Worth, TX",1216
65814,19147,811,"Philadelphia, PA",1744
70803,30016,814,"Atlanta, GA",1799
91691,77042,815,"Houston, TX",1406
94840,85248,816,"Phoenix, AZ",2239
99947,98661,820,"Portland, OR",1596
66838,21228,824,"Baltimore, MD",1739
96009,90028,824,"Los Angeles-Long Beach-Anaheim, CA",2598
89903,73072,825,"Oklahoma City, OK",1310
97569,94115,826,"San Francisco, CA",3182
96743,92234,827,"Riverside, CA",2702
92610,78681,828,"Austin, TX",1993
97083,93003,828,"Ventura, CA",2774
96520,91786,830,"Riverside, CA",2311
94802,85207,832,"Phoenix, AZ",2170
99583,98125,837,"Seattle, WA",1941
66597,20744,838,"Washington, DC",1863
74649,38111,839,"Memphis, TN",1183
90711,75126,839,"Dallas-Fort Worth, TX",2052
72358,33020,840,"Miami-Fort Lauderdale, FL",2016
72717,33614,841,"Tampa, FL",1327
92346,78250,842,"San Antonio, TX",1417
90726,75149,843,"Dallas-Fort Worth, TX",1662
72478,33176,846,"Miami-Fort Lauderdale, FL",1765
90630,75025,847,"Dallas-Fort Worth, TX",2242
65943,19464,849,"Philadelphia, PA",1301
93252,80123,850,"Denver, CO",1790
82107,55106,854,"Minneapolis-St Paul, MN",1146
60540,7024,859,"New York, NY",2259
82189,55337,860,"Minneapolis-St Paul, MN",1458
93596,80918,863,"Colorado Springs, CO",1845
98923,96789,864,"Urban Honolulu, HI",2384
93202,80012,865,"Denver, CO",1295
96005,90024,867,"Los Angeles-Long Beach-Anaheim, CA",3482
417437,85122,868,"Phoenix, AZ",1599
96613,92057,871,"San Diego, CA",2799
82156,55303,875,"Minneapolis-St Paul, MN",1405
90629,75024,876,"Dallas-Fort Worth, TX",1624
95811,89115,878,"Las Vegas, NV",1394
91712,77063,881,"Houston, TX",1220
73198,34744,882,"Orlando, FL",2027
85874,63031,884,"St. Louis, MO",1338
69728,28117,885,"Charlotte, NC",1665
92312,78216,885,"San Antonio, TX",1040
69813,28262,887,"Charlotte, NC",1516
60592,7083,891,"New York, NY",2428
94732,85016,892,"Phoenix, AZ",1783
65863,19335,894,"Philadelphia, PA",1914
66261,20171,896,"Washington, DC",1970
69372,27513,896,"Raleigh, NC",1679
93204,80014,896,"Denver, CO",1704
91276,76133,899,"Dallas-Fort Worth, TX",1716
72541,33322,901,"Miami-Fort Lauderdale, FL",2272
60945,8054,903,"Philadelphia, PA",2035
60714,7601,904,"New York, NY",2086
99775,98391,911,"Seattle, WA",2205
72428,33125,912,"Miami-Fort Lauderdale, FL",2389
97008,92708,913,"Los Angeles-Long Beach-Anaheim, CA",2583
97116,93063,915,"Ventura, CA",2759
69455,27615,916,"Raleigh, NC",1535
96645,92103,917,"San Diego, CA",2362
90663,75063,920,"Dallas-Fort Worth, TX",1540
89902,73071,922,"Oklahoma City, OK",1069
94819,85224,926,"Phoenix, AZ",1796
77586,45324,927,"Dayton, OH",1169
90670,75074,927,"Dallas-Fort Worth, TX",1530
93305,80229,928,"Denver, CO",1608
91184,76010,931,"Dallas-Fort Worth, TX",1610
74252,37221,933,"Nashville, TN",1582
61624,10010,935,"New York, NY",3819
70295,29073,937,"Columbia, SC",
72718,33615,939,"Tampa, FL",1908
92343,78247,940,"San Antonio, TX",1657
71869,32216,942,"Jacksonville, FL",1598
79118,48307,944,"Detroit, MI",1602
70975,30236,946,"Atlanta, GA",1608
69452,27612,947,"Raleigh, NC",1481
69723,28110,948,"Charlotte, NC",1783
96411,91402,951,"Los Angeles-Long Beach-Anaheim, CA",1614
72315,32940,952,"Melbourne, FL",2064
85954,63136,956,"St. Louis, MO",1000
69444,27604,957,"Raleigh, NC",1751
66877,21401,959,"Baltimore, MD",2314
97571,94117,960,"San Francisco, CA",3354
71029,30309,961,"Atlanta, GA",2256
84466,60411,962,"Chicago, IL",1382
60347,6492,970,"New Haven, CT",1337
96572,91977,971,"San Diego, CA",2386
82105,55104,973,"Minneapolis-St Paul, MN",1758
96886,92507,974,"Riverside, CA",2436
70817,30032,975,"Atlanta, GA",1625
99565,98105,976,"Seattle, WA",1883
94872,85283,978,"Phoenix, AZ",1696
72391,33062,980,"Miami-Fort Lauderdale, FL",2873
96602,92037,981,"San Diego, CA",3823
96389,91367,982,"Los Angeles-Long Beach-Anaheim, CA",2759
65368,18103,983,"Allentown, PA",1642
67776,23608,984,"Virginia Beach, VA",1232
72715,33612,988,"Tampa, FL",1443
71905,32259,989,"Jacksonville, FL",2246
65771,19103,991,"Philadelphia, PA",1868
99676,98270,991,"Seattle, WA",2464
72173,32725,998,"Daytona Beach, FL",1555
94248,83642,1000,"Boise City, ID",1991
91657,77008,1001,"Houston, TX",1771
97575,94121,1002,"San Francisco, CA",3126
65806,19139,1006,"Philadelphia, PA",1286
72154,32703,1007,"Orlando, FL",1833
74240,37209,1008,"Nashville, TN",1784
98437,95828,1012,"Sacramento, CA",1854
96415,91406,1014,"Los Angeles-Long Beach-Anaheim, CA",1958
99492,98004,1015,"Seattle, WA",2759
71319,30809,1016,"Augusta, GA",1439
79090,48235,1017,"Detroit, MI",1088
96030,90049,1018,"Los Angeles-Long Beach-Anaheim, CA",3135
96506,91766,1022,"Los Angeles-Long Beach-Anaheim, CA",2695
66839,21229,1026,"Baltimore, MD",1290
66745,21044,1027,"Baltimore, MD",2077
70844,30064,1031,"Atlanta, GA",1721
71047,30328,1032,"Atlanta, GA",1927
70871,30093,1037,"Atlanta, GA",1440
71168,30518,1038,"Atlanta, GA",1998
95049,85711,1039,"Tucson, AZ",1212
65905,19403,1040,"Philadelphia, PA",1722
90628,75023,1041,"Dallas-Fort Worth, TX",1724
73200,34746,1044,"Orlando, FL",1916
72482,33180,1054,"Miami-Fort Lauderdale, FL",2757
79032,48170,1055,"Detroit, MI",1515
99578,98118,1055,"Seattle, WA",2102
96123,90277,1057,"Los Angeles-Long Beach-Anaheim, CA",3044
99012,97006,1058,"Portland, OR",1952
97016,92780,1061,"Los Angeles-Long Beach-Anaheim, CA",2327
97813,94611,1062,"San Francisco, CA",2805
66243,20148,1066,"Washington, DC",2554
79416,48843,1067,"Detroit, MI",1874
94804,85209,1070,"Phoenix, AZ",2024
95303,87108,1076,"Albuquerque, NM",803
96502,91762,1079,"Riverside, CA",2504
72158,32708,1080,"Orlando, FL",1745
95305,87110,1084,"Albuquerque, NM",1323
94272,83686,1086,"Boise City, ID",1406
98323,95628,1088,"Sacramento, CA",2003
70600,29615,1090,"Greenville, SC",1148
78041,46226,1092,"Indianapolis, IN",954
97757,94550,1094,"San Francisco, CA",3113
71043,30324,1095,"Atlanta, GA",1865
72433,33130,1098,"Miami-Fort Lauderdale, FL",2972
70455,29412,1099,"Charleston, SC",1735
74157,37076,1100,"Nashville, TN",1448
94734,85018,1103,"Phoenix, AZ",1822
61636,10022,1108,"New York, NY",3110
94956,85382,1115,"Phoenix, AZ",1872
62033,11222,1116,"New York, NY",2835
99013,97007,1116,"Portland, OR",2013
94852,85260,1120,"Phoenix, AZ",2206
96629,92078,1121,"San Diego, CA",3041
98306,95610,1122,"Sacramento, CA",1851
96245,90813,1124,"Los Angeles-Long Beach-Anaheim, CA",1537
65369,18104,1131,"Allentown, PA",2204
95057,85719,1132,"Tucson, AZ",1254
66620,20772,1135,"Washington, DC",2169
96501,91761,1135,"Riverside, CA",2042
96237,90803,1137,"Los Angeles-Long Beach-Anaheim, CA",2210
67770,23602,1138,"Virginia Beach, VA",1512
96161,90503,1139,"Los Angeles-Long Beach-Anaheim, CA",2246
98953,96822,1147,"Urban Honolulu, HI",1620
58973,2895,1149,"Providence, RI",1230
96595,92026,1153,"San Diego, CA",2252
94760,85044,1154,"Phoenix, AZ",1759
96446,91601,1155,"Los Angeles-Long Beach-Anaheim, CA",2575
90800,75248,1156,"Dallas-Fort Worth, TX",1809
84444,60201,1162,"Chicago, IL",2085
84607,60605,1163,"Chicago, IL",2204
67808,23803,1164,"Richmond, VA",984
85876,63033,1168,"St. Louis, MO",1518
99667,98258,1171,"Seattle, WA",2750
94745,85029,1172,"Phoenix, AZ",1545
58638,2124,1173,"Boston, MA",2261
76573,43204,1175,"Columbus, OH",1232
72481,33179,1176,"Miami-Fort Lauderdale, FL",1688
97572,94118,1178,"San Francisco, CA",3355
96464,91702,1181,"Los Angeles-Long Beach-Anaheim, CA",2310
99508,98023,1184,"Seattle, WA",2020
84542,60506,1186,"Chicago, IL",1235
66701,20902,1188,"Washington, DC",1846
66744,21043,1189,"Baltimore, MD",1803
98369,95678,1192,"Sacramento, CA",2289
96996,92692,1193,"Los Angeles-Long Beach-Anaheim, CA",2741
62118,11432,1194,"New York, NY",2063
60324,6460,1196,"New Haven, CT",2089
90662,75062,1198,"Dallas-Fort Worth, TX",1550
74653,38115,1199,"Memphis, TN",1168
93201,80011,1200,"Denver, CO",1589
77522,45231,1201,"Cincinnati, OH",1147
70819,30034,1202,"Atlanta, GA",1713
97703,94403,1202,"San Francisco, CA",3422
91257,76112,1204,"Dallas-Fort Worth, TX",994
94757,85041,1205,"Phoenix, AZ",2015
67595,23220,1206,"Richmond, VA",1407
98317,95621,1207,"Sacramento, CA",2056
72397,33068,1208,"Miami-Fort Lauderdale, FL",2123
69449,27609,1215,"Raleigh, NC",1565
66127,20003,1216,"Washington, DC",2496
70875,30097,1219,"Atlanta, GA",1782
71057,30339,1222,"Atlanta, GA",1790
72259,32835,1223,"Orlando, FL",1667
73220,34786,1223,"Orlando, FL",2229
92256,78109,1224,"San Antonio, TX",1464
92297,78201,1224,"San Antonio, TX",1227
60884,7960,1227,"New York, NY",2759
91204,76039,1230,"Dallas-Fort Worth, TX",1611
82266,55416,1231,"Minneapolis-St Paul, MN",1818
67609,23234,1232,"Richmond, VA",1416
92309,78213,1235,"San Antonio, TX",1163
91191,76017,1237,"Dallas-Fort Worth, TX",1558
96369,91343,1240,"Los Angeles-Long Beach-Anaheim, CA",2454
72429,33126,1245,"Miami-Fort Lauderdale, FL",1947
94801,85206,1246,"Phoenix, AZ",1792
71877,32224,1248,"Jacksonville, FL",1743
96185,90630,1250,"Los Angeles-Long Beach-Anaheim, CA",2764
84378,60126,1252,"Chicago, IL",2385
90766,75214,1252,"Dallas-Fort Worth, TX",1524
65795,19128,1253,"Philadelphia, PA",1721
91853,77339,1254,"Houston, TX",1351
61186,8816,1256,"New York, NY",2030
72234,32808,1257,"Orlando, FL",1616
72212,32780,1258,"Melbourne, FL",1450
66132,20008,1264,"Washington, DC",1935
66830,21220,1265,"Baltimore, MD",1742
95997,90016,1269,"Los Angeles-Long Beach-Anaheim, CA",2701
93287,80210,1270,"Denver, CO",2140
71743,32034,1271,"Jacksonville, FL",2162
96560,91942,1272,"San Diego, CA",2315
85940,63122,1273,"St. Louis, MO",1341
92325,78229,1275,"San Antonio, TX",1148
78035,46220,1276,"Indianapolis, IN",1406
82258,55408,1276,"Minneapolis-St Paul, MN",1544
76570,43201,1277,"Columbus, OH",1961
60641,7304,1280,"New York, NY",1948
93296,80220,1283,"Denver, CO",1829
96597,92028,1290,"San Diego, CA",2731
96670,92129,1293,"San Diego, CA",3184
70452,29407,1294,"Charleston, SC",1773
99518,98033,1295,"Seattle, WA",2871
70365,29210,1298,"Columbia, SC",1195
77018,44118,1299,"Cleveland, OH",1145
96018,90037,1300,"Los Angeles-Long Beach-Anaheim, CA",
58477,1752,1303,"Boston, MA",1876
97558,94103,1305,"San Francisco, CA",3101
96339,91304,1306,"Los Angeles-Long Beach-Anaheim, CA",2513
99092,97123,1309,"Portland, OR",2125
97568,94114,1312,"San Francisco, CA",3841
72918,33928,1317,"Fort Myers, FL",1949
99527,98042,1318,"Seattle, WA",2472
66840,21230,1322,"Baltimore, MD",1983
94828,85234,1323,"Phoenix, AZ",2171
98949,96818,1326,"Urban Honolulu, HI",
71903,32257,1327,"Jacksonville, FL",1481
69788,28226,1329,"Charlotte, NC",1549
93256,80127,1330,"Denver, CO",1981
93307,80231,1331,"Denver, CO",1534
97068,92870,1332,"Los Angeles-Long Beach-Anaheim, CA",2870
72248,32824,1333,"Orlando, FL",2021
72601,33435,1334,"Miami-Fort Lauderdale, FL",2366
73161,34667,1335,"Tampa, FL",1486
91253,76108,1339,"Dallas-Fort Worth, TX",1556
69776,28213,1341,"Charlotte, NC",1562
73145,34609,1346,"Tampa, FL",1921
96026,90045,1348,"Los Angeles-Long Beach-Anaheim, CA",2833
82126,55125,1349,"Minneapolis-St Paul, MN",1674
94736,85020,1350,"Phoenix, AZ",1622
69718,28105,1352,"Charlotte, NC",1570
66264,20176,1355,"Washington, DC",2184
90695,75104,1356,"Dallas-Fort Worth, TX",1959
71169,30519,1358,"Atlanta, GA",2096
66668,20854,1359,"Washington, DC",3454
69379,27520,1360,"Raleigh, NC",1707
97562,94107,1360,"San Francisco, CA",3429
95827,89131,1361,"Las Vegas, NV",1999
71068,30350,1364,"Atlanta, GA",1680
72612,33446,1364,"Miami-Fort Lauderdale, FL",2946
78949,48073,1365,"Detroit, MI",1683
69375,27516,1366,"Durham, NC",2194
67790,23669,1368,"Virginia Beach, VA",1246
69206,27103,1368,"Winston-Salem, NC",1486
67187,22202,1369,"Washington, DC",2311
84279,60010,1370,"Chicago, IL",2273
399545,10065,1370,"New York, NY",2881
96653,92111,1371,"San Diego, CA",2590
96898,92530,1371,"Riverside, CA",2123
77924,46038,1372,"Indianapolis, IN",1815
95753,89014,1375,"Las Vegas, NV",1641
84344,60089,1376,"Chicago, IL",1850
90619,75013,1379,"Dallas-Fort Worth, TX",1642
74664,38128,1381,"Memphis, TN",1126
90646,75044,1385,"Dallas-Fort Worth, TX",1736
399658,85295,1389,"Phoenix, AZ",2206
91739,77090,1390,"Houston, TX",976
67599,23224,1391,"Richmond, VA",1269
96596,92027,1391,"San Diego, CA",2317
96855,92392,1393,"Riverside, CA",1941
70970,30228,1394,"Atlanta, GA",1838
90624,75019,1398,"Dallas-Fort Worth, TX",1913
92013,77539,1399,"Houston, TX",1435
96370,91344,1400,"Los Angeles-Long Beach-Anaheim, CA",3026
88588,70433,1404,"New Orleans, LA",1406
98873,96734,1404,"Urban Honolulu, HI",3011
96995,92691,1410,"Los Angeles-Long Beach-Anaheim, CA",3013
72295,32907,1414,"Melbourne, FL",1737
66987,21702,1422,"Washington, DC",1601
62016,11205,1424,"New York, NY",2681
97078,92886,1426,"Los Angeles-Long Beach-Anaheim, CA",3561
84320,60062,1427,"Chicago, IL",2094
99562,98102,1428,"Seattle, WA",1852
96658,92116,1431,"San Diego, CA",2101
97807,94605,1432,"San Francisco, CA",2463
77020,44120,1437,"Cleveland, OH",
96883,92504,1439,"Riverside, CA",2511
97089,93010,1441,"Ventura, CA",2598
71771,32073,1442,"Jacksonville, FL",1763
97942,95037,1446,"San Jose, CA",3353
94737,85021,1447,"Phoenix, AZ",1423
61187,8817,1448,"New York, NY",2179
67603,23228,1450,"Richmond, VA",1496
79780,49504,1450,"Grand Rapids, MI",1182
90741,75165,1451,"Dallas-Fort Worth, TX",1682
65788,19121,1454,"Philadelphia, PA",1642
77009,44109,1457,"Cleveland, OH",839
99034,97030,1458,"Portland, OR",1580
58641,2127,1461,"Boston, MA",2772
72161,32712,1462,"Orlando, FL",2224
70897,30120,1463,"Atlanta, GA",1853
99133,97219,1465,"Portland, OR",1808
61615,10001,1467,"New York, NY",4535
73050,34231,1471,"North Port-Sarasota-Bradenton, FL",2204
72479,33177,1472,"Miami-Fort Lauderdale, FL",2442
72437,33134,1475,"Miami-Fort Lauderdale, FL",2736
93212,80022,1479,"Denver, CO",2347
96582,92009,1483,"San Diego, CA",3233
79047,48188,1484,"Detroit, MI",1758
98153,95376,1485,"Stockton, CA",2395
94797,85202,1488,"Phoenix, AZ",1402
96982,92672,1490,"Los Angeles-Long Beach-Anaheim, CA",2573
92653,78744,1492,"Austin, TX",1489
95050,85712,1493,"Tucson, AZ",1073
82118,55117,1494,"Minneapolis-St Paul, MN",1186
96489,91745,1494,"Los Angeles-Long Beach-Anaheim, CA",
66986,21701,1495,"Washington, DC",1504
70824,30039,1496,"Atlanta, GA",1914
94880,85296,1497,"Phoenix, AZ",2178
84644,60645,1499,"Chicago, IL",1330
96610,92054,1500,"San Diego, CA",2570
84651,60654,1501,"Chicago, IL",2507
72497,33196,1503,"Miami-Fort Lauderdale, FL",2120
66600,20747,1504,"Washington, DC",1531
72620,33461,1505,"Miami-Fort Lauderdale, FL",1472
66027,19701,1507,"Philadelphia, PA",1810
97812,94610,1510,"San Francisco, CA",2399
84323,60067,1511,"Chicago, IL",1680
65797,19130,1512,"Philadelphia, PA",1850
74217,37174,1516,"Nashville, TN",2004
66061,19808,1517,"Philadelphia, PA",1844
97516,94025,1518,"San Francisco, CA",3805
91252,76107,1522,"Dallas-Fort Worth, TX",1612
96993,92688,1525,"Los Angeles-Long Beach-Anaheim, CA",2515
65321,18042,1527,"Allentown, PA",1378
62154,11561,1530,"New York, NY",2839
72640,33484,1538,"Miami-Fort Lauderdale, FL",2452
94841,85249,1541,"Phoenix, AZ",2551
82230,55379,1546,"Minneapolis-St Paul, MN",1785
69775,28212,1547,"Charlotte, NC",1420
70892,30115,1549,"Atlanta, GA",1871
72324,32955,1550,"Melbourne, FL",1757
86022,63368,1551,"St. Louis, MO",1583
84648,60651,1552,"Chicago, IL",1313
60774,7726,1554,"New York, NY",1778
84438,60193,1556,"Chicago, IL",1633
72577,33410,1559,"Miami-Fort Lauderdale, FL",2292
77923,46037,1561,"Indianapolis, IN",1709
97041,92833,1563,"Los Angeles-Long Beach-Anaheim, CA",2515
72370,33032,1566,"Miami-Fort Lauderdale, FL",2288
76464,43017,1568,"Columbus, OH",1453
69727,28115,1570,"Charlotte, NC",1805
96668,92127,1571,"San Diego, CA",3346
72611,33445,1574,"Miami-Fort Lauderdale, FL",2572
82256,55406,1576,"Minneapolis-St Paul, MN",1496
86303,64055,1580,"Kansas City, MO",1179
70903,30126,1587,"Atlanta, GA",1957
399655,85286,1589,"Phoenix, AZ",2146
96505,91765,1591,"Los Angeles-Long Beach-Anaheim, CA",2764
99540,98058,1594,"Seattle, WA",2508
94743,85027,1595,"Phoenix, AZ",1511
70358,29203,1598,"Columbia, SC",
73210,34761,1601,"Orlando, FL",2146
99636,98223,1604,"Seattle, WA",1651
65904,19401,1605,"Philadelphia, PA",
97729,94521,1606,"San Francisco, CA",2441
72163,32714,1608,"Orlando, FL",1498
84433,60188,1611,"Chicago, IL",1415
69820,28273,1614,"Charlotte, NC",1593
72713,33610,1616,"Tampa, FL",1607
77603,45342,1620,"Dayton, OH",1170
72434,33131,1621,"Miami-Fort Lauderdale, FL",3279
58644,2130,1623,"Boston, MA",2734
96978,92660,1625,"Los Angeles-Long Beach-Anaheim, CA",4163
95042,85704,1628,"Tucson, AZ",1615
84689,60707,1636,"Chicago, IL",1361
96122,90275,1637,"Los Angeles-Long Beach-Anaheim, CA",4552
70908,30134,1638,"Atlanta, GA",1843
70823,30038,1639,"Atlanta, GA",1533
94821,85226,1645,"Phoenix, AZ",1806
94731,85015,1646,"Phoenix, AZ",1318
58778,2472,1649,"Boston, MA",2540
92328,78232,1650,"San Antonio, TX",1274
62058,11249,1651,"New York, NY",4288
84373,60120,1654,"Chicago, IL",1586
84292,60025,1655,"Chicago, IL",2269
72182,32738,1656,"Daytona Beach, FL",1744
72727,33624,1657,"Tampa, FL",1906
61648,10034,1660,"New York, NY",1883
93282,80205,1661,"Denver, CO",1999
90633,75028,1662,"Dallas-Fort Worth, TX",2158
99131,97217,1664,"Portland, OR",1678
74951,38671,1668,"Memphis, TN",1559
93587,80909,1668,"Colorado Springs, CO",1496
95081,85745,1670,"Tucson, AZ",1259
98435,95826,1673,"Sacramento, CA",2144
71036,30316,1679,"Atlanta, GA",2041
91195,76021,1681,"Dallas-Fort Worth, TX",1407
96504,91764,1682,"Riverside, CA",2333
71861,32207,1684,"Jacksonville, FL",1654
65738,19063,1685,"Philadelphia, PA",1594
72568,33401,1686,"Miami-Fort Lauderdale, FL",2471
98430,95821,1689,"Sacramento, CA",1549
70983,30252,1694,"Atlanta, GA",1907
93280,80203,1695,"Denver, CO",1648
96927,92584,1697,"Riverside, CA",2662
70806,30019,1698,"Atlanta, GA",2152
84590,60563,1699,"Chicago, IL",1657
94765,85051,1700,"Phoenix, AZ",1649
84569,60540,1701,"Chicago, IL",1789
96238,90804,1701,"Los Angeles-Long Beach-Anaheim, CA",1799
82120,55119,1704,"Minneapolis-St Paul, MN",1251
96273,91016,1709,"Los Angeles-Long Beach-Anaheim, CA",2464
67123,22033,1714,"Washington, DC",2055
69412,27560,1717,"Raleigh, NC",1791
66746,21045,1718,"Baltimore, MD",1874
70495,29461,1719,"Charleston, SC",1949
74663,38127,1722,"Memphis, TN",870
88611,70458,1724,"New Orleans, LA",1308
93584,80906,1725,"Colorado Springs, CO",1750
60793,7753,1726,"New York, NY",2603
66757,21060,1727,"Baltimore, MD",1944
72157,32707,1728,"Orlando, FL",1874
72237,32811,1729,"Orlando, FL",1474
70925,30152,1732,"Atlanta, GA",1912
97858,94901,1733,"San Francisco, CA",2981
84650,60653,1735,"Chicago, IL",1596
96548,91913,1741,"San Diego, CA",2997
72594,33428,1742,"Miami-Fort Lauderdale, FL",2423
96247,90815,1744,"Los Angeles-Long Beach-Anaheim, CA",2466
70959,30213,1751,"Atlanta, GA",1965
94279,83706,1756,"Boise City, ID",1657
69771,28208,1760,"Charlotte, NC",1411
95824,89128,1761,"Las Vegas, NV",1677
99138,97224,1763,"Portland, OR",1761
71025,30305,1767,"Atlanta, GA",2099
72883,33880,1770,"Lakeland, FL",1523
72689,33573,1771,"Tampa, FL",1905
72714,33611,1772,"Tampa, FL",1784
78034,46219,1774,"Indianapolis, IN",910
60644,7307,1776,"New York, NY",1782
95754,89015,1781,"Las Vegas, NV",1866
69488,27704,1783,"Durham, NC",1415
61246,8902,1784,"New York, NY",2098
97527,94040,1785,"San Jose, CA",3443
91313,76210,1786,"Dallas-Fort Worth, TX",1968
94792,85086,1789,"Phoenix, AZ",2091
61640,10026,1793,"New York, NY",2680
94749,85033,1793,"Phoenix, AZ",1416
67540,23111,1794,"Richmond, VA",1587
84345,60090,1794,"Chicago, IL",1745
99072,97080,1795,"Portland, OR",1931
72354,33016,1800,"Miami-Fort Lauderdale, FL",2111
97810,94608,1803,"San Francisco, CA",2791
79082,48227,1804,"Detroit, MI",1050
58653,2139,1806,"Boston, MA",2777
78039,46224,1811,"Indianapolis, IN",889
96594,92025,1816,"San Diego, CA",2490
70879,30102,1817,"Atlanta, GA",1882
97317,93534,1819,"Los Angeles-Long Beach-Anaheim, CA",2086
94884,85302,1823,"Phoenix, AZ",1742
94805,85210,1826,"Phoenix, AZ",1430
70498,29466,1828,"Charleston, SC",2286
90676,75081,1829,"Dallas-Fort Worth, TX",1651
96623,92069,1831,"San Diego, CA",3185
90671,75075,1833,"Dallas-Fort Worth, TX",1423
99760,98374,1834,"Seattle, WA",2151
96351,91320,1836,"Ventura, CA",3400
96010,90029,1837,"Los Angeles-Long Beach-Anaheim, CA",1919
99143,97230,1844,"Portland, OR",1443
91339,76262,1846,"Dallas-Fort Worth, TX",1664
78022,46203,1847,"Indianapolis, IN",1110
92288,78154,1848,"San Antonio, TX",1496
66632,20785,1850,"Washington, DC",1797
96451,91606,1854,"Los Angeles-Long Beach-Anaheim, CA",1878
91292,76180,1857,"Dallas-Fort Worth, TX",1416
72458,33155,1860,"Miami-Fort Lauderdale, FL",2382
96127,90291,1864,"Los Angeles-Long Beach-Anaheim, CA",4121
93304,80228,1867,"Denver, CO",1785
61216,8857,1868,"New York, NY",2713
98957,96826,1874,"Urban Honolulu, HI",1602
96424,91423,1875,"Los Angeles-Long Beach-Anaheim, CA",2391
58652,2138,1878,"Boston, MA",2563
96159,90501,1879,"Los Angeles-Long Beach-Anaheim, CA",2539
100155,99206,1879,"Spokane, WA",1751
95751,89012,1881,"Las Vegas, NV",1959
66596,20743,1884,"Washington, DC",1523
417442,85138,1885,"Phoenix, AZ",1840
92634,78723,1889,"Austin, TX",2173
91655,77006,1891,"Houston, TX",1617
72765,33702,1893,"Tampa, FL",1838
69777,28214,1897,"Charlotte, NC",1737
60105,6040,1903,"Hartford, CT",1551
91658,77009,1905,"Houston, TX",1785
97951,95050,1905,"San Jose, CA",2616
71056,30338,1909,"Atlanta, GA",1830
84296,60031,1911,"Chicago, IL",1621
66567,20707,1913,"Washington, DC",1832
96634,92084,1913,"San Diego, CA",2586
72352,33014,1915,"Miami-Fort Lauderdale, FL",1759
93281,80204,1918,"Denver, CO",2023
71016,30294,1919,"Atlanta, GA",1816
93320,80247,1920,"Denver, CO",1811
96128,90292,1921,"Los Angeles-Long Beach-Anaheim, CA",3776
99557,98087,1921,"Seattle, WA",1975
72707,33604,1922,"Tampa, FL",1413
99567,98107,1923,"Seattle, WA",2227
96050,90069,1924,"Los Angeles-Long Beach-Anaheim, CA",3539
97758,94551,1928,"San Francisco, CA",3152
74580,38002,1929,"Memphis, TN",2100
67819,23831,1931,"Richmond, VA",1562
74592,38018,1933,"Memphis, TN",1795
84453,60302,1935,"Chicago, IL",1350
70364,29209,1936,"Columbia, SC",1298
61627,10013,1937,"New York, NY",3957
84324,60068,1938,"Chicago, IL",1963
62041,11231,1939,"New York, NY",3112
95845,89149,1941,"Las Vegas, NV",1929
97788,94582,1942,"San Francisco, CA",3829
98412,95757,1946,"Sacramento, CA",2564
91316,76227,1948,"Dallas-Fort Worth, TX",2112
65799,19132,1950,"Philadelphia, PA",1084
66645,20814,1957,"Washington, DC",2604
96588,92019,1957,"San Diego, CA",2318
72716,33613,1965,"Tampa, FL",1582
92658,78749,1966,"Austin, TX",1792
58984,2909,1967,"Providence, RI",1635
96152,90405,1967,"Los Angeles-Long Beach-Anaheim, CA",3451
70288,29063,1971,"Columbia, SC",1500
67505,23060,1974,"Richmond, VA",1888
95771,89032,1974,"Las Vegas, NV",1637
70631,29650,1979,"Greenville, SC",1432
94953,85379,1979,"Phoenix, AZ",1988
85937,63119,1982,"St. Louis, MO",1224
91714,77065,1982,"Houston, TX",1625
95769,89030,1984,"Las Vegas, NV",1381
71863,32209,1987,"Jacksonville, FL",963
84330,60074,1990,"Chicago, IL",1363
90667,75069,1994,"Dallas-Fort Worth, TX",1650
99538,98056,1995,"Seattle, WA",2191
91728,77079,1998,"Houston, TX",1457
74245,37214,2000,"Nashville, TN",1529
96410,91401,2002,"Los Angeles-Long Beach-Anaheim, CA",2017
72887,33884,2005,"Lakeland, FL",1676
96767,92262,2009,"Riverside, CA",1946
61649,10035,2012,"New York, NY",2351
99580,98121,2015,"Seattle, WA",2614
66743,21042,2019,"Baltimore, MD",2196
93244,80112,2022,"Denver, CO",1935
95798,89102,2023,"Las Vegas, NV",1402
66139,20016,2026,"Washington, DC",2245
95835,89139,2031,"Las Vegas, NV",2026
97577,94123,2032,"San Francisco, CA",3437
97731,94523,2034,"San Francisco, CA",2718
71904,32258,2037,"Jacksonville, FL",1875
84609,60607,2039,"Chicago, IL",2486
96117,90266,2039,"Los Angeles-Long Beach-Anaheim, CA",4733
70870,30092,2041,"Atlanta, GA",1607
98382,95691,2042,"Sacramento, CA",2212
87855,68104,2051,"Omaha, NE",1213
93196,80004,2052,"Denver, CO",2281
96507,91767,2053,"Los Angeles-Long Beach-Anaheim, CA",1785
84295,60030,2055,"Chicago, IL",1407
70947,30180,2056,"Atlanta, GA",1829
97005,92705,2056,"Los Angeles-Long Beach-Anaheim, CA",2456
94758,85042,2058,"Phoenix, AZ",1968
96449,91604,2060,"Los Angeles-Long Beach-Anaheim, CA",3321
92565,78628,2061,"Austin, TX",1678
72528,33309,2062,"Miami-Fort Lauderdale, FL",1768
96967,92649,2065,"Los Angeles-Long Beach-Anaheim, CA",2895
96843,92373,2067,"Riverside, CA",2150
99123,97209,2068,"Portland, OR",1866
58443,1604,2069,"Worcester, MA",1708
70818,30033,2070,"Atlanta, GA",1962
99623,98198,2071,"Seattle, WA",1806
66783,21113,2077,"Baltimore, MD",2143
98844,96701,2078,"Urban Honolulu, HI",2228
60985,8096,2080,"Philadelphia, PA",
77973,46123,2083,"Indianapolis, IN",1622
67610,23235,2084,"Richmond, VA",1717
96163,90505,2085,"Los Angeles-Long Beach-Anaheim, CA",2502
98451,95843,2086,"Sacramento, CA",2073
94827,85233,2090,"Phoenix, AZ",1965
94808,85213,2091,"Phoenix, AZ",1592
71062,30344,2094,"Atlanta, GA",1446
96242,90808,2095,"Los Angeles-Long Beach-Anaheim, CA",3113
96150,90403,2097,"Los Angeles-Long Beach-Anaheim, CA",3244
98442,95833,2103,"Sacramento, CA",2315
67121,22031,2106,"Washington, DC",2086
67658,23323,2108,"Virginia Beach, VA",
93286,80209,2110,"Denver, CO",2282
96401,91387,2112,"Los Angeles-Long Beach-Anaheim, CA",2347
70590,29605,2115,"Greenville, SC",1324
79079,48224,2116,"Detroit, MI",1168
98849,96707,2121,"Urban Honolulu, HI",2948
58518,1852,2122,"Boston, MA",1686
59218,3820,2124,"Boston, MA",1475
66211,20109,2130,"Washington, DC",1780
71781,32092,2134,"Jacksonville, FL",2362
90772,75220,2136,"Dallas-Fort Worth, TX",1641
61876,10583,2139,"New York, NY",5437
79045,48186,2141,"Detroit, MI",1211
66221,20120,2142,"Washington, DC",1980
93283,80206,2143,"Denver, CO",2055
99128,97214,2144,"Portland, OR",1692
77021,44121,2146,"Cleveland, OH",1267
94753,85037,2148,"Phoenix, AZ",1785
70954,30189,2153,"Atlanta, GA",1807
96644,92102,2157,"San Diego, CA",1977
92640,78729,2158,"Austin, TX",1534
99601,98155,2159,"Seattle, WA",2005
90681,75087,2161,"Dallas-Fort Worth, TX",2191
99494,98006,2163,"Seattle, WA",3265
58459,1702,2166,"Boston, MA",1916
84540,60504,2166,"Chicago, IL",1836
93598,80920,2167,"Colorado Springs, CO",1877
93594,80916,2173,"Colorado Springs, CO",1570
95865,89178,2174,"Las Vegas, NV",1900
95056,85718,2175,"Tucson, AZ",1425
96947,92612,2176,"Los Angeles-Long Beach-Anaheim, CA",3092
58758,2446,2177,"Boston, MA",2735
70127,28677,2179,"Charlotte, NC",1417
94849,85257,2187,"Phoenix, AZ",1801
72797,33756,2191,"Tampa, FL",1666
97789,94583,2191,"San Francisco, CA",3122
74234,37203,2195,"Nashville, TN",2065
73032,34208,2198,"North Port-Sarasota-Bradenton, FL",2013
66879,21403,2200,"Baltimore, MD",2027
73062,34243,2201,"North Port-Sarasota-Bradenton, FL",2064
70866,30087,2204,"Atlanta, GA",1765
399546,10075,2205,"New York, NY",2467
69397,27540,2206,"Raleigh, NC",1962
71899,32250,2207,"Jacksonville, FL",2276
93302,80226,2209,"Denver, CO",1872
73411,35244,2214,"Birmingham, AL",1423
91223,76065,2217,"Dallas-Fort Worth, TX",1846
84445,60202,2226,"Chicago, IL",1482
81434,53719,2228,"Madison, WI",1352
70977,30238,2229,"Atlanta, GA",1603
399671,89183,2236,"Las Vegas, NV",1739
94739,85023,2238,"Phoenix, AZ",1625
67504,23059,2239,"Richmond, VA",1815
71048,30329,2240,"Atlanta, GA",1914
70801,30014,2244,"Atlanta, GA",1733
72621,33462,2244,"Miami-Fort Lauderdale, FL",2471
66827,21217,2245,"Baltimore, MD",1509
84599,60586,2249,"Chicago, IL",2182
99490,98002,2249,"Seattle, WA",1734
67747,23503,2255,"Virginia Beach, VA",1295
753844,29486,2256,"Charleston, SC",1643
81292,53212,2257,"Milwaukee, WI",956
69673,28031,2260,"Charlotte, NC",1691
98444,95835,2260,"Sacramento, CA",2433
96492,91748,2261,"Los Angeles-Long Beach-Anaheim, CA",2781
85927,63109,2264,"St. Louis, MO",851
96341,91306,2265,"Los Angeles-Long Beach-Anaheim, CA",2433
95809,89113,2268,"Las Vegas, NV",1802
96933,92591,2269,"Riverside, CA",2665
98417,95765,2270,"Sacramento, CA",2767
94915,85339,2271,"Phoenix, AZ",2172
95082,85746,2273,"Tucson, AZ",1276
91329,76248,2276,"Dallas-Fort Worth, TX",1680
96844,92374,2280,"Riverside, CA",2214
66646,20815,2281,"Washington, DC",2604
71774,32082,2282,"Jacksonville, FL",2260
84614,60612,2284,"Chicago, IL",1797
99146,97233,2285,"Portland, OR",1492
96016,90035,2287,"Los Angeles-Long Beach-Anaheim, CA",3114
71059,30341,2289,"Atlanta, GA",1919
71859,32205,2289,"Jacksonville, FL",1413
99516,98031,2296,"Seattle, WA",2162
96452,91607,2297,"Los Angeles-Long Beach-Anaheim, CA",2064
61626,10012,2301,"New York, NY",3454
70492,29456,2303,"Charleston, SC",1551
90782,75230,2304,"Dallas-Fort Worth, TX",1949
93200,80010,2306,"Denver, CO",1266
72443,33140,2327,"Miami-Fort Lauderdale, FL",3469
95988,90007,2334,"Los Angeles-Long Beach-Anaheim, CA",
69370,27511,2336,"Raleigh, NC",1430
69700,28079,2337,"Charlotte, NC",1915
94807,85212,2337,"Phoenix, AZ",2301
78037,46222,2343,"Indianapolis, IN",931
99962,98683,2344,"Portland, OR",1658
92628,78717,2345,"Austin, TX",1729
97072,92879,2346,"Riverside, CA",2491
71765,32065,2347,"Jacksonville, FL",1915
69686,28052,2349,"Charlotte, NC",1169
91891,77381,2355,"Houston, TX",2070
98002,95134,2360,"San Jose, CA",3039
97535,94061,2361,"San Francisco, CA",3256
99127,97213,2362,"Portland, OR",1840
61905,10801,2363,"New York, NY",2738
97091,93012,2364,"Ventura, CA",3099
82268,55418,2365,"Minneapolis-St Paul, MN",1561
96385,91362,2367,"Ventura, CA",3505
99576,98116,2368,"Seattle, WA",1949
84276,60007,2372,"Chicago, IL",1584
94850,85258,2378,"Phoenix, AZ",2094
69774,28211,2387,"Charlotte, NC",2059
93474,80601,2387,"Denver, CO",1909
96463,91701,2391,"Riverside, CA",2970
72722,33619,2393,"Tampa, FL",1565
72776,33713,2394,"Tampa, FL",1848
99595,98144,2394,"Seattle, WA",2214
69454,27614,2396,"Raleigh, NC",1632
82283,55433,2397,"Minneapolis-St Paul, MN",1434
66648,20817,2403,"Washington, DC",3139
92306,78210,2404,"San Antonio, TX",1384
94835,85143,2405,"Phoenix, AZ",1965
399654,85140,2406,"Phoenix, AZ",2014
96029,90048,2413,"Los Angeles-Long Beach-Anaheim, CA",3301
66134,20010,2418,"Washington, DC",2123
97007,92707,2419,"Los Angeles-Long Beach-Anaheim, CA",2248
72949,33990,2422,"Fort Myers, FL",1831
93207,80017,2424,"Denver, CO",1712
97530,94043,2426,"San Jose, CA",3644
87498,67203,2428,"Wichita, KS",791
96649,92107,2430,"San Diego, CA",2669
71028,30308,2432,"Atlanta, GA",1911
90804,75252,2432,"Dallas-Fort Worth, TX",1278
72446,33143,2433,"Miami-Fort Lauderdale, FL",2634
73172,34684,2437,"Tampa, FL",2055
79781,49505,2438,"Grand Rapids, MI",1268
78947,48071,2441,"Detroit, MI",1413
97585,94131,2445,"San Francisco, CA",3553
90673,75077,2450,"Dallas-Fort Worth, TX",1592
91722,77073,2452,"Houston, TX",1709
92638,78727,2452,"Austin, TX",1665
66794,21136,2457,"Baltimore, MD",1479
72772,33709,2466,"Tampa, FL",1726
66260,20170,2467,"Washington, DC",2028
72465,33162,2468,"Miami-Fort Lauderdale, FL",2302
99125,97211,2471,"Portland, OR",2227
85948,63130,2473,"St. Louis, MO",1200
422746,75033,2478,"Dallas-Fort Worth, TX",1725
96049,90068,2482,"Los Angeles-Long Beach-Anaheim, CA",2966
96295,91107,2484,"Los Angeles-Long Beach-Anaheim, CA",2682
58632,2118,2487,"Boston, MA",3377
60786,7740,2488,"New York, NY",
70840,30060,2489,"Atlanta, GA",2031
70815,30030,2490,"Atlanta, GA",1955
71035,30315,2491,"Atlanta, GA",1826
58495,1810,2495,"Boston, MA",2132
72768,33705,2498,"Tampa, FL",1585
91890,77380,2504,"Houston, TX",1645
94730,85014,2509,"Phoenix, AZ",1385
84572,60543,2510,"Chicago, IL",1597
96769,92264,2511,"Riverside, CA",2219
72826,33801,2512,"Lakeland, FL",1127
74642,38104,2512,"Memphis, TN",1056
94900,85323,2512,"Phoenix, AZ",1956
98945,96814,2514,"Urban Honolulu, HI",2025
70993,30265,2520,"Atlanta, GA",2000
71865,32211,2520,"Jacksonville, FL",1366
99147,97236,2520,"Portland, OR",1588
399661,85395,2522,"Phoenix, AZ",1967
67188,22203,2523,"Washington, DC",2526
96325,91206,2524,"Los Angeles-Long Beach-Anaheim, CA",2431
84655,60659,2529,"Chicago, IL",1359
97728,94520,2531,"San Francisco, CA",2176
82164,55311,2532,"Minneapolis-St Paul, MN",1859
96241,90807,2532,"Los Angeles-Long Beach-Anaheim, CA",1923
84274,60005,2535,"Chicago, IL",1462
84318,60060,2537,"Chicago, IL",1556
65919,19426,2540,"Philadelphia, PA",1990
95831,89135,2540,"Las Vegas, NV",2326
399659,85298,2547,"Phoenix, AZ",2521
66682,20877,2551,"Washington, DC",1903
72297,32909,2554,"Melbourne, FL",1730
99625,98201,2558,"Seattle, WA",1527
399660,85392,2559,"Phoenix, AZ",1775
66131,20007,2560,"Washington, DC",2094
72598,33432,2562,"Miami-Fort Lauderdale, FL",3565
72236,32810,2563,"Orlando, FL",1700
72619,33460,2564,"Miami-Fort Lauderdale, FL",1921
72828,33803,2566,"Lakeland, FL",1612
70451,29406,2571,"Charleston, SC",1229
94859,85268,2577,"Phoenix, AZ",
67148,22102,2582,"Washington, DC",2240
58662,2150,2583,"Boston, MA",2348
84420,60174,2584,"Chicago, IL",1590
73207,34758,2588,"Lakeland, FL",1896
70792,30005,2599,"Atlanta, GA",2092
85926,63108,2602,"St. Louis, MO",1323
71862,32208,2603,"Jacksonville, FL",1214
96240,90806,2603,"Los Angeles-Long Beach-Anaheim, CA",1649
98119,95337,2607,"Stockton, CA",2615
97081,93001,2608,"Ventura, CA",2926
93279,80202,2617,"Denver, CO",2245
98352,95661,2623,"Sacramento, CA",2303
92642,78731,2625,"Austin, TX",1878
91892,77382,2628,"Houston, TX",1576
93243,80111,2632,"Denver, CO",1970
66837,21227,2634,"Baltimore, MD",1679
71032,30312,2635,"Atlanta, GA",2051
90641,75039,2635,"Dallas-Fort Worth, TX",1667
70857,30078,2640,"Atlanta, GA",1854
96961,92629,2641,"Los Angeles-Long Beach-Anaheim, CA",3407
70367,29212,2642,"Columbia, SC",1327
66847,21239,2644,"Baltimore, MD",1449
93595,80917,2645,"Colorado Springs, CO",1659
91668,77019,2651,"Houston, TX",1631
92563,78626,2653,"Austin, TX",1716
94561,84403,2654,"Ogden, UT",1081
70594,29609,2658,"Greenville, SC",1569
96292,91104,2661,"Los Angeles-Long Beach-Anaheim, CA",2034
97881,94941,2668,"San Francisco, CA",4674
67774,23606,2671,"Virginia Beach, VA",1412
71001,30274,2674,"Atlanta, GA",1573
98429,95820,2677,"Sacramento, CA",2010
78020,46201,2683,"Indianapolis, IN",886
72810,33770,2685,"Tampa, FL",1547
84563,60532,2687,"Chicago, IL",1591
73175,34689,2688,"Tampa, FL",1919
66797,21144,2696,"Baltimore, MD",1924
62008,11105,2697,"New York, NY",2083
78032,46217,2705,"Indianapolis, IN",1569
67761,23518,2713,"Virginia Beach, VA",1696
66822,21212,2717,"Baltimore, MD",1243
93585,80907,2725,"Colorado Springs, CO",1475
99515,98030,2731,"Seattle, WA",2155
94798,85203,2734,"Phoenix, AZ",1442
67749,23505,2738,"Virginia Beach, VA",1453
99579,98119,2744,"Seattle, WA",2126
96095,90230,2745,"Los Angeles-Long Beach-Anaheim, CA",2906
73142,34606,2747,"Tampa, FL",1289
94764,85050,2750,"Phoenix, AZ",2560
62076,11364,2751,"New York, NY",2758
96356,91326,2751,"Los Angeles-Long Beach-Anaheim, CA",2992
58605,2062,2752,"Boston, MA",2111
78048,46235,2754,"Indianapolis, IN",1396
96469,91711,2756,"Los Angeles-Long Beach-Anaheim, CA",2769
98443,95834,2759,"Sacramento, CA",2292
97026,92807,2761,"Los Angeles-Long Beach-Anaheim, CA",2375
71910,32277,2765,"Jacksonville, FL",1456
66700,20901,2766,"Washington, DC",1688
72459,33156,2766,"Miami-Fort Lauderdale, FL",2243
91210,76049,2767,"Dallas-Fort Worth, TX",1841
78943,48067,2774,"Detroit, MI",1813
79132,48322,2779,"Detroit, MI",2330
399565,29707,2779,"Charlotte, NC",1695
96513,91773,2781,"Los Angeles-Long Beach-Anaheim, CA",2456
90617,75010,2782,"Dallas-Fort Worth, TX",1745
95803,89107,2784,"Las Vegas, NV",
96378,91355,2785,"Los Angeles-Long Beach-Anaheim, CA",2851
78033,46218,2788,"Indianapolis, IN",897
64440,16066,2795,"Pittsburgh, PA",1507
67721,23453,2799,"Virginia Beach, VA",1542
58639,2125,2809,"Boston, MA",2814
65757,19087,2810,"Philadelphia, PA",2187
69376,27517,2811,"Durham, NC",1379
84492,60441,2812,"Chicago, IL",1612
86353,64114,2812,"Kansas City, MO",1327
72607,33441,2816,"Miami-Fort Lauderdale, FL",2370
96650,92108,2819,"San Diego, CA",2718
58937,2840,2822,"Providence, RI",2438
69772,28209,2823,"Charlotte, NC",1646
72441,33138,2830,"Miami-Fort Lauderdale, FL",
94278,83705,2831,"Boise City, ID",1549
63948,15217,2833,"Pittsburgh, PA",1443
92020,77550,2834,"Houston, TX",
399603,60169,2839,"Chicago, IL",1466
94220,83605,2845,"Boise City, ID",1225
71030,30310,2850,"Atlanta, GA",1678
93290,80214,2855,"Denver, CO",1617
95086,85750,2856,"Tucson, AZ",1916
96349,91316,2859,"Los Angeles-Long Beach-Anaheim, CA",2995
74148,37067,2864,"Nashville, TN",1990
78024,46205,2864,"Indianapolis, IN",1328
96559,91941,2872,"San Diego, CA",2518
66846,21237,2877,"Baltimore, MD",1681
96969,92651,2878,"Los Angeles-Long Beach-Anaheim, CA",4979
67132,22042,2882,"Washington, DC",2260
69824,28278,2884,"Charlotte, NC",1841
70960,30214,2887,"Atlanta, GA",2123
399577,33579,2890,"Tampa, FL",2250
66720,21009,2891,"Baltimore, MD",1874
100156,99207,2893,"Spokane, WA",1264
96963,92637,2895,"Los Angeles-Long Beach-Anaheim, CA",2564
99117,97203,2897,"Portland, OR",1505
99159,97266,2901,"Portland, OR",1778
67224,22306,2907,"Washington, DC",1699
95301,87106,2911,"Albuquerque, NM",1211
93294,80218,2913,"Denver, CO",1459
73197,34743,2919,"Orlando, FL",1855
95792,89081,2919,"Las Vegas, NV",1931
70830,30045,2922,"Atlanta, GA",2019
66763,21075,2924,"Baltimore, MD",2089
84313,60050,2928,"Chicago, IL",1353
78964,48091,2933,"Detroit, MI",1123
87872,68123,2934,"Omaha, NE",1212
82117,55116,2936,"Minneapolis-St Paul, MN",1207
90786,75234,2937,"Dallas-Fort Worth, TX",1679
92618,78705,2937,"Austin, TX",1841
67757,23513,2938,"Virginia Beach, VA",1412
79782,49506,2950,"Grand Rapids, MI",1464
94227,83616,2954,"Boise City, ID",2580
92308,78212,2955,"San Antonio, TX",1260
66835,21225,2957,"Baltimore, MD",1210
66598,20745,2959,"Washington, DC",2021
97804,94602,2967,"San Francisco, CA",2525
72576,33409,2968,"Miami-Fort Lauderdale, FL",1811
58779,2474,2973,"Boston, MA",2217
84434,60189,2976,"Chicago, IL",2107
60788,7747,2978,"New York, NY",2179
92570,78634,2982,"Austin, TX",1589
69402,27545,2983,"Raleigh, NC",1837
94907,85331,2985,"Phoenix, AZ",2576
95830,89134,2986,"Las Vegas, NV",2175
66254,20164,2993,"Washington, DC",2140
66248,20155,2994,"Washington, DC",2581
74655,38117,2996,"Memphis, TN",1423
96484,91739,3001,"Riverside, CA",2967
61898,10704,3009,"New York, NY",
62070,11358,3010,"New York, NY",1984
72729,33626,3011,"Tampa, FL",2393
84626,60624,3012,"Chicago, IL",1177
96020,90039,3019,"Los Angeles-Long Beach-Anaheim, CA",2605
78962,48089,3022,"Detroit, MI",1181
61644,10030,3024,"New York, NY",2199
72475,33173,3028,"Miami-Fort Lauderdale, FL",2677
72293,32905,3035,"Melbourne, FL",1569
93220,80033,3036,"Denver, CO",1772
92639,78728,3037,"Austin, TX",1989
62007,11104,3064,"New York, NY",2119
72242,32817,3065,"Orlando, FL",1876
82047,55024,3065,"Minneapolis-St Paul, MN",1817
71026,30306,3067,"Atlanta, GA",1841
93354,80302,3069,"Boulder, CO",2155
74236,37205,3074,"Nashville, TN",1912
67192,22207,3076,"Washington, DC",3478
96355,91325,3082,"Los Angeles-Long Beach-Anaheim, CA",2284
66255,20165,3091,"Washington, DC",2331
90753,75189,3096,"Dallas-Fort Worth, TX",2003
76587,43219,3098,"Columbus, OH",1183
62287,11937,3110,"New York, NY",26444
98038,95204,3111,"Stockton, CA",1793
60462,6824,3113,"Stamford, CT",3563
90644,75042,3113,"Dallas-Fort Worth, TX",1659
91294,76182,3113,"Dallas-Fort Worth, TX",1838
96412,91403,3116,"Los Angeles-Long Beach-Anaheim, CA",2506
93316,80241,3120,"Denver, CO",1823
96665,92123,3123,"San Diego, CA",2903
94273,83687,3124,"Boise City, ID",1670
90636,75032,3125,"Dallas-Fort Worth, TX",1768
96662,92120,3128,"San Diego, CA",2713
58630,2116,3134,"Boston, MA",2665
99514,98029,3149,"Seattle, WA",2864
66213,20111,3150,"Washington, DC",1801
96379,91356,3152,"Los Angeles-Long Beach-Anaheim, CA",2086
99825,98498,3153,"Seattle, WA",1789
66277,20191,3155,"Washington, DC",1955
66819,21209,3156,"Baltimore, MD",1609
64936,17110,3158,"Harrisburg, PA",995
99495,98007,3163,"Seattle, WA",2354
96985,92675,3165,"Los Angeles-Long Beach-Anaheim, CA",3201
92356,78260,3167,"San Antonio, TX",1687
95079,85743,3168,"Tucson, AZ",1705
70360,29205,3171,"Columbia, SC",1111
65792,19125,3180,"Philadelphia, PA",1654
92655,78746,3181,"Austin, TX",1897
67769,23601,3188,"Virginia Beach, VA",1664
66582,20723,3198,"Washington, DC",1973
72592,33426,3211,"Miami-Fort Lauderdale, FL",1950
96581,92008,3219,"San Diego, CA",2749
93589,80911,3222,"Colorado Springs, CO",1832
60614,7110,3224,"New York, NY",1960
98447,95838,3224,"Sacramento, CA",1644
65652,18940,3230,"Philadelphia, PA",2274
99099,97132,3237,"Portland, OR",2034
92616,78703,3238,"Austin, TX",2716
69717,28104,3243,"Charlotte, NC",1941
72902,33909,3249,"Fort Myers, FL",2003
95078,85742,3250,"Tucson, AZ",1806
96268,91007,3272,"Los Angeles-Long Beach-Anaheim, CA",2683
70861,30082,3275,"Atlanta, GA",1998
84390,60139,3284,"Chicago, IL",1503
98425,95816,3284,"Sacramento, CA",1808
70800,30013,3287,"Atlanta, GA",1607
58981,2906,3289,"Providence, RI",2130
93597,80919,3298,"Colorado Springs, CO",1810
82253,55403,3302,"Minneapolis-St Paul, MN",1346
94733,85017,3304,"Phoenix, AZ",1217
98351,95660,3305,"Sacramento, CA",1671
72821,33781,3306,"Tampa, FL",1577
66618,20770,3308,"Washington, DC",2027
67147,22101,3310,"Washington, DC",3371
72244,32819,3317,"Orlando, FL",1988
69780,28217,3319,"Charlotte, NC",1558
61631,10017,3320,"New York, NY",3374
94275,83702,3322,"Boise City, ID",1701
73375,35205,3327,"Birmingham, AL",1802
91188,76014,3330,"Dallas-Fort Worth, TX",1689
91831,77301,3332,"Houston, TX",1304
91254,76109,3333,"Dallas-Fort Worth, TX",2155
96998,92694,3335,"Los Angeles-Long Beach-Anaheim, CA",2911
67233,22315,3336,"Washington, DC",2452
399642,80923,3336,"Colorado Springs, CO",1913
94766,85053,3339,"Phoenix, AZ",1476
94916,85340,3339,"Phoenix, AZ",2015
91315,76226,3343,"Dallas-Fort Worth, TX",2565
61653,10039,3351,"New York, NY",2219
71340,30904,3357,"Augusta, GA",1133
74246,37215,3360,"Nashville, TN",2323
72217,32789,3366,"Orlando, FL",1915
60555,7042,3367,"New York, NY",2365
96936,92595,3367,"Riverside, CA",2542
78021,46202,3368,"Indianapolis, IN",1486
72523,33304,3371,"Miami-Fort Lauderdale, FL",2314
96181,90621,3373,"Los Angeles-Long Beach-Anaheim, CA",2067
96294,91106,3376,"Los Angeles-Long Beach-Anaheim, CA",2353
94929,85353,3379,"Phoenix, AZ",2003
58551,1923,3380,"Boston, MA",2581
72246,32821,3381,"Orlando, FL",1714
97986,95118,3383,"San Jose, CA",3268
72764,33701,3384,"Tampa, FL",2327
62208,11727,3386,"New York, NY",2606
71798,32119,3388,"Daytona Beach, FL",1517
82127,55126,3397,"Minneapolis-St Paul, MN",1546
82199,55347,3398,"Minneapolis-St Paul, MN",1891
97799,94596,3400,"San Francisco, CA",2582
69373,27514,3401,"Durham, NC",1286
91268,76123,3403,"Dallas-Fort Worth, TX",1764
66823,21213,3405,"Baltimore, MD",1339
99786,98404,3406,"Seattle, WA",1623
99039,97035,3411,"Portland, OR",1869
72211,32779,3412,"Orlando, FL",1929
66263,20175,3413,"Washington, DC",2026
72256,32832,3417,"Orlando, FL",1936
92355,78259,3420,"San Antonio, TX",1723
92335,78239,3422,"San Antonio, TX",1380
71808,32129,3433,"Daytona Beach, FL",1594
72710,33607,3449,"Tampa, FL",1904
69386,27527,3451,"Raleigh, NC",1870
72775,33712,3452,"Tampa, FL",1350
99126,97212,3454,"Portland, OR",1908
79075,48220,3455,"Detroit, MI",1439
58657,2143,3456,"Boston, MA",2566
84311,60048,3462,"Chicago, IL",1559
73201,34747,3464,"Orlando, FL",1738
96352,91321,3468,"Los Angeles-Long Beach-Anaheim, CA",2410
96939,92602,3469,"Los Angeles-Long Beach-Anaheim, CA",3046
96121,90274,3471,"Los Angeles-Long Beach-Anaheim, CA",4802
97221,93305,3472,"Bakersfield, CA",1128
93298,80222,3479,"Denver, CO",1961
72642,33487,3480,"Miami-Fort Lauderdale, FL",2931
97106,93035,3480,"Ventura, CA",2970
96913,92555,3482,"Riverside, CA",2277
85936,63118,3483,"St. Louis, MO",1052
99677,98271,3486,"Seattle, WA",2136
94286,83714,3489,"Boise City, ID",1910
91186,76012,3491,"Dallas-Fort Worth, TX",
99759,98373,3499,"Seattle, WA",1834
67241,22401,3500,"Washington, DC",1721
71886,32233,3502,"Jacksonville, FL",1707
99597,98146,3503,"Seattle, WA",2174
67228,22310,3504,"Washington, DC",2555
97800,94597,3505,"San Francisco, CA",2739
96981,92663,3507,"Los Angeles-Long Beach-Anaheim, CA",2471
92615,78702,3509,"Austin, TX",2315
66496,20603,3515,"Washington, DC",1944
67191,22206,3516,"Washington, DC",2048
69766,28203,3516,"Charlotte, NC",1913
60388,6604,3517,"Stamford, CT",1386
84319,60061,3520,"Chicago, IL",2101
90754,75201,3522,"Dallas-Fort Worth, TX",1978
96169,90601,3523,"Los Angeles-Long Beach-Anaheim, CA",2194
71874,32221,3528,"Jacksonville, FL",1804
86350,64111,3529,"Kansas City, MO",1086
62090,11379,3531,"New York, NY",2066
92340,78244,3534,"San Antonio, TX",1403
60474,6851,3535,"Stamford, CT",2166
96948,92614,3537,"Los Angeles-Long Beach-Anaheim, CA",2966
84603,60601,3540,"Chicago, IL",2303
72388,33056,3542,"Miami-Fort Lauderdale, FL",2326
70356,29201,3548,"Columbia, SC",1361
72448,33145,3549,"Miami-Fort Lauderdale, FL",2358
95996,90015,3559,"Los Angeles-Long Beach-Anaheim, CA",3018
92666,78757,3576,"Austin, TX",1853
90683,75089,3578,"Dallas-Fort Worth, TX",1561
67131,22041,3579,"Washington, DC",1973
96111,90260,3581,"Los Angeles-Long Beach-Anaheim, CA",2169
72575,33408,3583,"Miami-Fort Lauderdale, FL",
86291,64030,3586,"Kansas City, MO",1125
94962,85396,3586,"Phoenix, AZ",2087
58629,2115,3587,"Boston, MA",2943
91175,76001,3590,"Dallas-Fort Worth, TX",1870
90792,75240,3592,"Dallas-Fort Worth, TX",1668
73177,34691,3594,"Tampa, FL",
96377,91354,3595,"Los Angeles-Long Beach-Anaheim, CA",3116
96289,91101,3596,"Los Angeles-Long Beach-Anaheim, CA",2599
82171,55318,3598,"Minneapolis-St Paul, MN",1978
76575,43206,3605,"Columbus, OH",1452
72645,33496,3607,"Miami-Fort Lauderdale, FL",2921
92211,78023,3610,"San Antonio, TX",1605
67248,22408,3615,"Washington, DC",1675
70348,29169,3618,"Columbia, SC",1032
99115,97201,3621,"Portland, OR",1518
94740,85024,3625,"Phoenix, AZ",1760
60477,6854,3631,"Stamford, CT",2193
97018,92782,3631,"Los Angeles-Long Beach-Anaheim, CA",3076
99572,98112,3639,"Seattle, WA",2365
96631,92081,3642,"San Diego, CA",2245
417440,85132,3645,"Phoenix, AZ",1435
90677,75082,3652,"Dallas-Fort Worth, TX",1673
96267,91006,3653,"Los Angeles-Long Beach-Anaheim, CA",3076
71730,32003,3666,"Jacksonville, FL",1880
399713,60642,3670,"Chicago, IL",2261
72152,32701,3672,"Orlando, FL",1439
95073,85737,3673,"Tucson, AZ",1969
72730,33629,3676,"Tampa, FL",
99787,98405,3678,"Seattle, WA",1727
94911,85335,3688,"Phoenix, AZ",1874
71018,30296,3689,"Atlanta, GA",1730
73153,34639,3689,"Tampa, FL",2184
399582,33967,3692,"Fort Myers, FL",1970
96971,92653,3693,"Los Angeles-Long Beach-Anaheim, CA",2667
82229,55378,3694,"Minneapolis-St Paul, MN",1828
97076,92883,3695,"Riverside, CA",2712
93552,80817,3696,"Colorado Springs, CO",1756
96151,90404,3700,"Los Angeles-Long Beach-Anaheim, CA",3103
67167,22153,3701,"Washington, DC",2583
72533,33314,3705,"Miami-Fort Lauderdale, FL",2591
91255,76110,3709,"Dallas-Fort Worth, TX",2703
60596,7090,3717,"New York, NY",2210
70274,29045,3719,"Columbia, SC",1484
99566,98106,3721,"Seattle, WA",2069
95779,89044,3725,"Las Vegas, NV",2066
58695,2215,3731,"Boston, MA",2569
94729,85013,3735,"Phoenix, AZ",1572
91203,76036,3737,"Dallas-Fort Worth, TX",1777
79010,48141,3741,"Detroit, MI",991
72679,33563,3743,"Tampa, FL",1769
67597,23222,3748,"Richmond, VA",1299
66593,20740,3749,"Washington, DC",1883
69765,28202,3750,"Charlotte, NC",1814
94881,85297,3752,"Phoenix, AZ",2387
66276,20190,3759,"Washington, DC",2215
61651,10037,3765,"New York, NY",2102
70450,29405,3766,"Charleston, SC",1526
95013,85629,3767,"Tucson, AZ",1860
72229,32803,3768,"Orlando, FL",1861
71876,32223,3771,"Jacksonville, FL",1819
90758,75205,3777,"Dallas-Fort Worth, TX",2418
76571,43202,3778,"Columbus, OH",1563
60864,7920,3780,"New York, NY",2330
73041,34219,3791,"North Port-Sarasota-Bradenton, FL",2220
94791,85085,3791,"Phoenix, AZ",1739
92334,78238,3802,"San Antonio, TX",1219
72520,33301,3805,"Miami-Fort Lauderdale, FL",2637
71749,32043,3810,"Jacksonville, FL",1990
84573,60544,3811,"Chicago, IL",2200
91715,77066,3818,"Houston, TX",1355
95297,87102,3833,"Albuquerque, NM",908
69485,27701,3836,"Durham, NC",1567
72227,32801,3845,"Orlando, FL",1939
96387,91364,3845,"Los Angeles-Long Beach-Anaheim, CA",2766
72769,33706,3852,"Tampa, FL",2263
99761,98375,3859,"Seattle, WA",2611
96374,91351,3862,"Los Angeles-Long Beach-Anaheim, CA",2574
60490,6880,3863,"Stamford, CT",4313
70461,29418,3871,"Charleston, SC",1353
91654,77005,3876,"Houston, TX",1672
399731,85756,3879,"Tucson, AZ",1703
99727,98338,3882,"Seattle, WA",2522
70867,30088,3888,"Atlanta, GA",1571
91281,76140,3889,"Dallas-Fort Worth, TX",1741
93261,80132,3890,"Colorado Springs, CO",2007
66812,21202,3891,"Baltimore, MD",1686
72804,33763,3897,"Tampa, FL",2009
93566,80831,3907,"Colorado Springs, CO",2057
60526,7010,3909,"New York, NY",2073
79136,48326,3911,"Detroit, MI",1496
72547,33328,3919,"Miami-Fort Lauderdale, FL",2250
69679,28037,3922,"Charlotte, NC",1480
72771,33708,3922,"Tampa, FL",2421
94756,85040,3935,"Phoenix, AZ",1889
72950,33991,3938,"Fort Myers, FL",1889
58648,2134,3944,"Boston, MA",2286
93582,80904,3945,"Colorado Springs, CO",1481
96109,90254,3946,"Los Angeles-Long Beach-Anaheim, CA",3728
399578,33596,3949,"Tampa, FL",2388
60466,6830,3951,"Stamford, CT",4265
94851,85259,3953,"Phoenix, AZ",
91238,76092,3955,"Dallas-Fort Worth, TX",4515
71046,30327,3957,"Atlanta, GA",1874
95841,89145,3983,"Las Vegas, NV",1799
70936,30168,4000,"Atlanta, GA",1881
76594,43227,4002,"Columbus, OH",1209
66222,20121,4006,"Washington, DC",2072
69204,27101,4011,"Winston-Salem, NC",1530
69457,27617,4028,"Raleigh, NC",1577
70980,30248,4032,"Atlanta, GA",1942
82296,55446,4032,"Minneapolis-St Paul, MN",
89841,73003,4037,"Oklahoma City, OK",1423
94955,85381,4038,"Phoenix, AZ",1707
93600,80922,4039,"Colorado Springs, CO",1948
96447,91602,4044,"Los Angeles-Long Beach-Anaheim, CA",2463
58654,2140,4052,"Boston, MA",2945
71027,30307,4054,"Atlanta, GA",1962
91747,77098,4054,"Houston, TX",1689
73034,34210,4057,"North Port-Sarasota-Bradenton, FL",1938
67775,23607,4072,"Virginia Beach, VA",1346
72909,33916,4075,"Fort Myers, FL",1421
99678,98272,4080,"Seattle, WA",2424
67174,22180,4083,"Washington, DC",2781
65775,19107,4093,"Philadelphia, PA",1811
71019,30297,4106,"Atlanta, GA",1300
85922,63104,4108,"St. Louis, MO",1177
70448,29403,4111,"Charleston, SC",2060
72779,33716,4112,"Tampa, FL",1751
66784,21114,4118,"Baltimore, MD",2208
96941,92604,4119,"Los Angeles-Long Beach-Anaheim, CA",3164
98457,95864,4123,"Sacramento, CA",2018
94886,85304,4135,"Phoenix, AZ",1890
72672,33547,4138,"Tampa, FL",2528
87856,68105,4138,"Omaha, NE",965
63628,14607,4144,"Rochester, NY",1168
72822,33782,4154,"Tampa, FL",1719
62138,11542,4156,"New York, NY",2941
74195,37138,4157,"Nashville, TN",1699
66494,20601,4160,"Washington, DC",1783
66870,21286,4165,"Baltimore, MD",1637
96555,91932,4168,"San Diego, CA",2492
96338,91303,4172,"Los Angeles-Long Beach-Anaheim, CA",2284
93314,80238,4179,"Denver, CO",2501
96354,91324,4180,"Los Angeles-Long Beach-Anaheim, CA",2522
99496,98008,4186,"Seattle, WA",3306
96584,92011,4196,"San Diego, CA",3657
72610,33444,4197,"Miami-Fort Lauderdale, FL",2628
71013,30291,4200,"Atlanta, GA",1786
99788,98406,4202,"Seattle, WA",1832
66207,20105,4205,"Washington, DC",2710
99624,98199,4208,"Seattle, WA",2350
69447,27607,4215,"Raleigh, NC",1526
96120,90272,4219,"Los Angeles-Long Beach-Anaheim, CA",8915
62073,11361,4220,"New York, NY",2243
84418,60172,4222,"Chicago, IL",1445
63485,14228,4226,"Buffalo, NY",1288
78902,48009,4248,"Detroit, MI",1921
96337,91302,4248,"Los Angeles-Long Beach-Anaheim, CA",5525
78027,46208,4250,"Indianapolis, IN",1138
99789,98407,4250,"Seattle, WA",2104
96550,91915,4252,"San Diego, CA",2938
72188,32750,4266,"Orlando, FL",1908
72685,33569,4276,"Tampa, FL",2268
72430,33127,4285,"Miami-Fort Lauderdale, FL",2445
99149,97239,4289,"Portland, OR",1780
72453,33150,4290,"Miami-Fort Lauderdale, FL",1955
67176,22182,4293,"Washington, DC",2424
86367,64130,4297,"Kansas City, MO",1022
65920,19428,4301,"Philadelphia, PA",1989
67133,22043,4312,"Washington, DC",2311
94960,85388,4314,"Phoenix, AZ",2016
72892,33897,4334,"Lakeland, FL",1783
66833,21223,4351,"Baltimore, MD",1189
91895,77385,4353,"Houston, TX",1686
95816,89120,4354,"Las Vegas, NV",1527
72189,32751,4371,"Orlando, FL",1849
96246,90814,4374,"Los Angeles-Long Beach-Anaheim, CA",2004
96086,90210,4378,"Los Angeles-Long Beach-Anaheim, CA",13587
94722,85006,4387,"Phoenix, AZ",1562
72709,33606,4388,"Tampa, FL",2512
72309,32931,4394,"Melbourne, FL",2599
72688,33572,4394,"Tampa, FL",2247
65789,19122,4395,"Philadelphia, PA",1695
92284,78148,4395,"San Antonio, TX",1175
95083,85747,4400,"Tucson, AZ",1869
96336,91301,4412,"Los Angeles-Long Beach-Anaheim, CA",3364
72457,33154,4414,"Miami-Fort Lauderdale, FL",4980
94947,85373,4422,"Phoenix, AZ",2049
98449,95841,4425,"Sacramento, CA",1590
94842,85250,4437,"Phoenix, AZ",2166
98154,95377,4445,"Stockton, CA",3031
92660,78751,4446,"Austin, TX",1838
87862,68111,4459,"Omaha, NE",1098
72435,33132,4465,"Miami-Fort Lauderdale, FL",2437
72814,33774,4485,"Tampa, FL",1671
72641,33486,4492,"Miami-Fort Lauderdale, FL",2086
71870,32217,4493,"Jacksonville, FL",1596
60389,6605,4496,"Stamford, CT",1451
96660,92118,4497,"San Diego, CA",3703
74641,38103,4504,"Memphis, TN",1463
95861,89166,4507,"Las Vegas, NV",1787
66821,21211,4510,"Baltimore, MD",1657
72802,33761,4511,"Tampa, FL",1800
93291,80215,4518,"Denver, CO",1807
69339,27409,4522,"Greensboro, NC",1227
70898,30121,4530,"Atlanta, GA",1455
65790,19123,4531,"Philadelphia, PA",1941
96218,90720,4533,"Los Angeles-Long Beach-Anaheim, CA",2590
91277,76134,4540,"Dallas-Fort Worth, TX",1736
73055,34236,4547,"North Port-Sarasota-Bradenton, FL",
96321,91202,4550,"Los Angeles-Long Beach-Anaheim, CA",2485
58912,2809,4551,"Providence, RI",2462
66575,20716,4553,"Washington, DC",2186
96563,91945,4555,"San Diego, CA",2199
90682,75088,4556,"Dallas-Fort Worth, TX",2030
69377,27518,4558,"Raleigh, NC",1719
67796,23693,4564,"Virginia Beach, VA",1569
72366,33028,4566,"Miami-Fort Lauderdale, FL",
92357,78261,4571,"San Antonio, TX",1667
86371,64134,4577,"Kansas City, MO",1070
72491,33189,4583,"Miami-Fort Lauderdale, FL",1787
94759,85043,4583,"Phoenix, AZ",1918
72260,32836,4587,"Orlando, FL",2217
61233,8879,4588,"New York, NY",1971
66841,21231,4593,"Baltimore, MD",2179
67193,22209,4603,"Washington, DC",2377
72800,33759,4606,"Tampa, FL",1812
97040,92832,4611,"Los Angeles-Long Beach-Anaheim, CA",2511
92661,78752,4614,"Austin, TX",1816
60502,6905,4616,"Stamford, CT",2185
58636,2122,4617,"Boston, MA",2418
77648,45405,4623,"Dayton, OH",830
70361,29206,4624,"Columbia, SC",1243
91192,76018,4632,"Dallas-Fort Worth, TX",1886
66764,21076,4633,"Baltimore, MD",2150
93599,80921,4640,"Colorado Springs, CO",1983
58671,2171,4646,"Boston, MA",2298
74247,37216,4652,"Nashville, TN",1692
84277,60008,4653,"Chicago, IL",1649
66129,20005,4656,"Washington, DC",2227
73052,34233,4662,"North Port-Sarasota-Bradenton, FL",2125
62101,11415,4669,"New York, NY",1899
61941,10954,4670,"New York, NY",2809
85929,63111,4673,"St. Louis, MO",798
79030,48168,4676,"Detroit, MI",
97066,92868,4688,"Los Angeles-Long Beach-Anaheim, CA",2619
94241,83634,4689,"Boise City, ID",1834
95814,89118,4702,"Las Vegas, NV",1556
97955,95054,4707,"San Jose, CA",3482
90627,75022,4713,"Dallas-Fort Worth, TX",2063
72639,33483,4719,"Miami-Fort Lauderdale, FL",2709
72230,32804,4725,"Orlando, FL",1594
82260,55410,4727,"Minneapolis-St Paul, MN",2148
82262,55412,4730,"Minneapolis-St Paul, MN",1490
61099,8536,4737,"New York, NY",1699
98663,96150,4744,"Sacramento, CA",2628
66677,20871,4752,"Washington, DC",2472
97714,94506,4774,"San Francisco, CA",5192
84657,60661,4779,"Chicago, IL",2366
58757,2445,4790,"Boston, MA",2802
71785,32097,4795,"Jacksonville, FL",1969
67802,23704,4799,"Virginia Beach, VA",1358
99493,98005,4803,"Seattle, WA",2644
70796,30009,4811,"Atlanta, GA",2447
60862,7901,4823,"New York, NY",3034
96943,92606,4828,"Los Angeles-Long Beach-Anaheim, CA",3032
70883,30106,4833,"Atlanta, GA",1750
99568,98108,4834,"Seattle, WA",2223
96384,91361,4840,"Ventura, CA",3341
72712,33609,4844,"Tampa, FL",2186
96909,92551,4847,"Riverside, CA",2260
90723,75146,4851,"Dallas-Fort Worth, TX",2052
65774,19106,4854,"Philadelphia, PA",2016
72250,32826,4859,"Orlando, FL",1869
98428,95819,4876,"Sacramento, CA",2457
70516,29492,4877,"Charleston, SC",1792
96514,91775,4881,"Los Angeles-Long Beach-Anaheim, CA",2980
97560,94105,4888,"San Francisco, CA",3929
72483,33181,4889,"Miami-Fort Lauderdale, FL",2743
58628,2114,4892,"Boston, MA",2863
96483,91737,4896,"Riverside, CA",2502
60600,7094,4902,"New York, NY",2388
73186,34714,4929,"Orlando, FL",2087
90249,74037,4940,"Tulsa, OK",1519
99145,97232,4952,"Portland, OR",1544
93583,80905,4963,"Colorado Springs, CO",1512
67795,23692,4965,"Virginia Beach, VA",1653
72774,33711,4970,"Tampa, FL",1397
61983,11021,4980,"New York, NY",2537
99553,98075,4993,"Seattle, WA",3254
72597,33431,5009,"Miami-Fort Lauderdale, FL",2830
71860,32206,5013,"Jacksonville, FL",960
66155,20037,5019,"Washington, DC",2410
95840,89144,5025,"Las Vegas, NV",2020
91278,76135,5039,"Dallas-Fort Worth, TX",1464
67221,22303,5041,"Washington, DC",1863
67596,23221,5046,"Richmond, VA",1389
69678,28036,5053,"Charlotte, NC",2137
77510,45219,5057,"Cincinnati, OH",
70359,29204,5078,"Columbia, SC",1230
71879,32226,5087,"Jacksonville, FL",1958
91265,76120,5089,"Dallas-Fort Worth, TX",1178
60593,7086,5095,"New York, NY",2754
96648,92106,5097,"San Diego, CA",2543
94735,85019,5098,"Phoenix, AZ",1379
72432,33129,5101,"Miami-Fort Lauderdale, FL",3411
70851,30071,5112,"Atlanta, GA",1827
75558,40204,5123,"Louisville-Jefferson County, KY",1069
84381,60130,5124,"Chicago, IL",1367
74243,37212,5137,"Nashville, TN",2005
72572,33405,5146,"Miami-Fort Lauderdale, FL",
97691,94301,5150,"San Jose, CA",4131
94276,83703,5151,"Boise City, ID",1632
90767,75215,5160,"Dallas-Fort Worth, TX",2226
74677,38141,5167,"Memphis, TN",1474
67601,23226,5182,"Richmond, VA",1855
92635,78724,5204,"Austin, TX",1296
96103,90245,5214,"Los Angeles-Long Beach-Anaheim, CA",2785
99799,98422,5219,"Seattle, WA",2086
69369,27510,5222,"Durham, NC",1335
72891,33896,5236,"Orlando, FL",1806
66054,19801,5245,"Philadelphia, PA",1698
72535,33316,5246,"Miami-Fort Lauderdale, FL",2551
96940,92603,5259,"Los Angeles-Long Beach-Anaheim, CA",3367
62042,11232,5285,"New York, NY",2170
86311,64064,5306,"Kansas City, MO",1467
94845,85253,5315,"Phoenix, AZ",1936
60471,6840,5342,"Stamford, CT",4437
95842,89146,5366,"Las Vegas, NV",1574
96598,92029,5367,"San Diego, CA",2377
73058,34239,5371,"North Port-Sarasota-Bradenton, FL",1948
90762,75209,5373,"Dallas-Fort Worth, TX",1714
78914,48030,5414,"Detroit, MI",1224
60461,6820,5423,"Stamford, CT",4708
67660,23325,5432,"Virginia Beach, VA",1482
85923,63105,5432,"St. Louis, MO",1534
78971,48098,5447,"Detroit, MI",1314
72253,32829,5464,"Orlando, FL",1899
91189,76015,5464,"Dallas-Fort Worth, TX",1478
98114,95330,5466,"Stockton, CA",2621
92656,78747,5467,"Austin, TX",2163
99124,97210,5469,"Portland, OR",1583
74235,37204,5472,"Nashville, TN",1926
72708,33605,5474,"Tampa, FL",1596
74150,37069,5475,"Nashville, TN",2733
58655,2141,5497,"Boston, MA",3209
93357,80305,5499,"Boulder, CO",2798
95834,89138,5538,"Las Vegas, NV",2476
86349,64110,5546,"Kansas City, MO",1201
90716,75137,5602,"Dallas-Fort Worth, TX",1576
78958,48084,5611,"Detroit, MI",1554
72719,33616,5640,"Tampa, FL",1896
96271,91011,5644,"Los Angeles-Long Beach-Anaheim, CA",
66138,20015,5656,"Washington, DC",1828
93581,80903,5670,"Colorado Springs, CO",1471
94892,85310,5685,"Phoenix, AZ",2220
74650,38112,5687,"Memphis, TN",983
77500,45209,5695,"Cincinnati, OH",1193
96957,92625,5707,"Los Angeles-Long Beach-Anaheim, CA",6292
73176,34690,5717,"Tampa, FL",1429
72452,33149,5732,"Miami-Fort Lauderdale, FL",
96586,92014,5735,"San Diego, CA",
96129,90293,5736,"Los Angeles-Long Beach-Anaheim, CA",3086
72439,33136,5754,"Miami-Fort Lauderdale, FL",2313
95994,90013,5770,"Los Angeles-Long Beach-Anaheim, CA",2509
98426,95817,5783,"Sacramento, CA",1718
96583,92010,5805,"San Diego, CA",3135
399652,85083,5812,"Phoenix, AZ",2505
92614,78701,5844,"Austin, TX",3001
99130,97216,5864,"Portland, OR",1657
72524,33305,5886,"Miami-Fort Lauderdale, FL",2020
96088,90212,5893,"Los Angeles-Long Beach-Anaheim, CA",3249
61632,10018,5912,"New York, NY",4046
72534,33315,5926,"Miami-Fort Lauderdale, FL",2017
92643,78732,5934,"Austin, TX",2201
72251,32827,5937,"Orlando, FL",1961
67117,22025,5947,"Washington, DC",2231
71037,30317,5985,"Atlanta, GA",2172
96628,92075,5992,"San Diego, CA",4166
63934,15203,6025,"Pittsburgh, PA",1422
61619,10005,6058,"New York, NY",3787
87877,68131,6061,"Omaha, NE",1123
79080,48225,6083,"Detroit, MI",1059
87878,68132,6099,"Omaha, NE",1218
72663,33534,6120,"Tampa, FL",2080
92351,78255,6158,"San Antonio, TX",1601
97865,94920,6200,"San Francisco, CA",4950
91263,76118,6212,"Dallas-Fort Worth, TX",1788
97899,94965,6225,"San Francisco, CA",3603
71045,30326,6231,"Atlanta, GA",2114
98166,95391,6234,"Stockton, CA",3053
63942,15211,6238,"Pittsburgh, PA",1360
97715,94507,6243,"San Francisco, CA",5088
74220,37179,6251,"Nashville, TN",1992
86351,64112,6257,"Kansas City, MO",1490
61892,10606,6272,"New York, NY",2536
78906,48017,6322,"Detroit, MI",1507
66280,20194,6336,"Washington, DC",2244
96426,91436,6362,"Los Angeles-Long Beach-Anaheim, CA",
72580,33413,6394,"Miami-Fort Lauderdale, FL",1778
60498,6901,6398,"Stamford, CT",2659
61887,10601,6403,"New York, NY",2708
65766,19096,6407,"Philadelphia, PA",3311
71900,32254,6407,"Jacksonville, FL",1037
58978,2903,6420,"Providence, RI",1829
67134,22044,6432,"Washington, DC",1658
91328,76247,6472,"Dallas-Fort Worth, TX",1869
86346,64106,6476,"Kansas City, MO",1429
96149,90402,6516,"Los Angeles-Long Beach-Anaheim, CA",7209
67175,22181,6538,"Washington, DC",2253
58634,2120,6567,"Boston, MA",3271
72449,33146,6625,"Miami-Fort Lauderdale, FL",2714
98301,95605,6627,"Sacramento, CA",2510
89931,73106,6648,"Oklahoma City, OK",1325
96393,91377,6674,"Ventura, CA",3314
100063,99019,6704,"Spokane, WA",1830
71872,32219,6716,"Jacksonville, FL",1535
96580,92007,6773,"San Diego, CA",4008
94887,85305,6805,"Phoenix, AZ",1862
58625,2111,6924,"Boston, MA",3789
85935,63117,6930,"St. Louis, MO",1411
61771,10280,6946,"New York, NY",4013
66256,20166,6960,"Washington, DC",2127
69441,27601,6965,"Raleigh, NC",1942
94767,85054,6971,"Phoenix, AZ",2084
65770,19102,7010,"Philadelphia, PA",1742
96466,91708,7028,"Riverside, CA",3014
86345,64105,7029,"Kansas City, MO",1143
72239,32814,7075,"Orlando, FL",1832
58627,2113,7080,"Boston, MA",2583
70446,29401,7081,"Charleston, SC",2445
92665,78756,7093,"Austin, TX",1810
96234,90755,7127,"Los Angeles-Long Beach-Anaheim, CA",
96946,92610,7249,"Los Angeles-Long Beach-Anaheim, CA",3036
99785,98403,7252,"Seattle, WA",1700
61901,10707,7286,"New York, NY",2846
94728,85012,7295,"Phoenix, AZ",1663
92348,78252,7340,"San Antonio, TX",1692
95839,89143,7343,"Las Vegas, NV",2198
93601,80925,7350,"Colorado Springs, CO",2039
92641,78730,7375,"Austin, TX",1513
99784,98402,7392,"Seattle, WA",1594
69770,28207,7476,"Charlotte, NC",1574
99717,98327,7507,"Seattle, WA",2257
96087,90211,7515,"Los Angeles-Long Beach-Anaheim, CA",3392
61664,10069,7587,"New York, NY",4397
66154,20036,7681,"Washington, DC",2073
67594,23219,7763,"Richmond, VA",1451
58692,2210,7796,"Boston, MA",3844
65794,19127,7854,"Philadelphia, PA",2039
61621,10007,7859,"New York, NY",6307
94889,85307,7887,"Phoenix, AZ",1790
67751,23507,8041,"Virginia Beach, VA",1454
62323,11978,8297,"New York, NY",25756
95039,85701,8456,"Tucson, AZ",1467
84608,60606,8497,"Chicago, IL",2165
61620,10006,8506,"New York, NY",3318
96979,92661,8589,"Los Angeles-Long Beach-Anaheim, CA",3788
58623,2109,8792,"Boston, MA",3480
62283,11932,9909,"New York, NY",